id,map_path,contourLevel,tagged_path,subunits,matched_subunits,voxels,voxels_matched,voxels_discarted,voxels_reassigned,voxels_assigned
0026,/data/ggutierrez/models/0026_resized.mrc,0.0367,/data/ggutierrez/dataset/gt/0026_resized_gt.mrc,6,6,100775,100775,0,13439,5464
0026,/data/ggutierrez/models/0026_resized.mrc,0.0367,/data/ggutierrez/dataset/gt/0026_resized_gt.mrc,6,6,100775,100775,0,13439,15772
0026,/data/ggutierrez/models/0026_resized.mrc,0.0367,/data/ggutierrez/dataset/gt/0026_resized_gt.mrc,6,6,100775,100775,0,13439,6376
0026,/data/ggutierrez/models/0026_resized.mrc,0.0367,/data/ggutierrez/dataset/gt/0026_resized_gt.mrc,6,6,100775,100775,0,13439,16190
0026,/data/ggutierrez/models/0026_resized.mrc,0.0367,/data/ggutierrez/dataset/gt/0026_resized_gt.mrc,6,6,100775,100775,0,13439,28145
0026,/data/ggutierrez/models/0026_resized.mrc,0.0367,/data/ggutierrez/dataset/gt/0026_resized_gt.mrc,6,6,100775,100775,0,13439,28828
0070,/data/ggutierrez/models/0070_resized.mrc,0.282,/data/ggutierrez/dataset/gt/0070_resized_gt.mrc,14,14,194574,192764,1810,45700,11574
0070,/data/ggutierrez/models/0070_resized.mrc,0.282,/data/ggutierrez/dataset/gt/0070_resized_gt.mrc,14,14,194574,192764,1810,45700,10508
0070,/data/ggutierrez/models/0070_resized.mrc,0.282,/data/ggutierrez/dataset/gt/0070_resized_gt.mrc,14,14,194574,192764,1810,45700,15809
0070,/data/ggutierrez/models/0070_resized.mrc,0.282,/data/ggutierrez/dataset/gt/0070_resized_gt.mrc,14,14,194574,192764,1810,45700,22164
0070,/data/ggutierrez/models/0070_resized.mrc,0.282,/data/ggutierrez/dataset/gt/0070_resized_gt.mrc,14,14,194574,192764,1810,45700,22461
0070,/data/ggutierrez/models/0070_resized.mrc,0.282,/data/ggutierrez/dataset/gt/0070_resized_gt.mrc,14,14,194574,192764,1810,45700,19117
0070,/data/ggutierrez/models/0070_resized.mrc,0.282,/data/ggutierrez/dataset/gt/0070_resized_gt.mrc,14,14,194574,192764,1810,45700,12417
0070,/data/ggutierrez/models/0070_resized.mrc,0.282,/data/ggutierrez/dataset/gt/0070_resized_gt.mrc,14,14,194574,192764,1810,45700,14150
0070,/data/ggutierrez/models/0070_resized.mrc,0.282,/data/ggutierrez/dataset/gt/0070_resized_gt.mrc,14,14,194574,192764,1810,45700,11367
0070,/data/ggutierrez/models/0070_resized.mrc,0.282,/data/ggutierrez/dataset/gt/0070_resized_gt.mrc,14,14,194574,192764,1810,45700,10632
0070,/data/ggutierrez/models/0070_resized.mrc,0.282,/data/ggutierrez/dataset/gt/0070_resized_gt.mrc,14,14,194574,192764,1810,45700,10541
0070,/data/ggutierrez/models/0070_resized.mrc,0.282,/data/ggutierrez/dataset/gt/0070_resized_gt.mrc,14,14,194574,192764,1810,45700,10228
0070,/data/ggutierrez/models/0070_resized.mrc,0.282,/data/ggutierrez/dataset/gt/0070_resized_gt.mrc,14,14,194574,192764,1810,45700,10735
0070,/data/ggutierrez/models/0070_resized.mrc,0.282,/data/ggutierrez/dataset/gt/0070_resized_gt.mrc,14,14,194574,192764,1810,45700,11061
0790,/data/ggutierrez/models/0790_resized.mrc,0.83,/data/ggutierrez/dataset/gt/0790_resized_gt.mrc,4,4,449539,413616,35923,69334,97784
0790,/data/ggutierrez/models/0790_resized.mrc,0.83,/data/ggutierrez/dataset/gt/0790_resized_gt.mrc,4,4,449539,413616,35923,69334,101212
0790,/data/ggutierrez/models/0790_resized.mrc,0.83,/data/ggutierrez/dataset/gt/0790_resized_gt.mrc,4,4,449539,413616,35923,69334,102934
0790,/data/ggutierrez/models/0790_resized.mrc,0.83,/data/ggutierrez/dataset/gt/0790_resized_gt.mrc,4,4,449539,413616,35923,69334,111686
0876,/data/ggutierrez/models/0876_resized.mrc,1.8,/data/ggutierrez/dataset/gt/0876_resized_gt.mrc,8,8,560853,551843,9010,27661,69804
0876,/data/ggutierrez/models/0876_resized.mrc,1.8,/data/ggutierrez/dataset/gt/0876_resized_gt.mrc,8,8,560853,551843,9010,27661,71034
0876,/data/ggutierrez/models/0876_resized.mrc,1.8,/data/ggutierrez/dataset/gt/0876_resized_gt.mrc,8,8,560853,551843,9010,27661,65941
0876,/data/ggutierrez/models/0876_resized.mrc,1.8,/data/ggutierrez/dataset/gt/0876_resized_gt.mrc,8,8,560853,551843,9010,27661,66422
0876,/data/ggutierrez/models/0876_resized.mrc,1.8,/data/ggutierrez/dataset/gt/0876_resized_gt.mrc,8,8,560853,551843,9010,27661,63834
0876,/data/ggutierrez/models/0876_resized.mrc,1.8,/data/ggutierrez/dataset/gt/0876_resized_gt.mrc,8,8,560853,551843,9010,27661,64089
0876,/data/ggutierrez/models/0876_resized.mrc,1.8,/data/ggutierrez/dataset/gt/0876_resized_gt.mrc,8,8,560853,551843,9010,27661,75605
0876,/data/ggutierrez/models/0876_resized.mrc,1.8,/data/ggutierrez/dataset/gt/0876_resized_gt.mrc,8,8,560853,551843,9010,27661,75114
10089,/data/ggutierrez/models/10089_resized.mrc,0.05,/data/ggutierrez/dataset/gt/10089_resized_gt.mrc,4,4,115574,115574,0,20088,66621
10089,/data/ggutierrez/models/10089_resized.mrc,0.05,/data/ggutierrez/dataset/gt/10089_resized_gt.mrc,4,4,115574,115574,0,20088,10086
10089,/data/ggutierrez/models/10089_resized.mrc,0.05,/data/ggutierrez/dataset/gt/10089_resized_gt.mrc,4,4,115574,115574,0,20088,2829
10089,/data/ggutierrez/models/10089_resized.mrc,0.05,/data/ggutierrez/dataset/gt/10089_resized_gt.mrc,4,4,115574,115574,0,20088,36038
10188,/data/ggutierrez/models/10188_resized.mrc,0.03,/data/ggutierrez/dataset/gt/10188_resized_gt.mrc,2,2,37593,37593,0,3473,18803
10188,/data/ggutierrez/models/10188_resized.mrc,0.03,/data/ggutierrez/dataset/gt/10188_resized_gt.mrc,2,2,37593,37593,0,3473,18790
10246,/data/ggutierrez/models/10246_resized.mrc,0.0345,/data/ggutierrez/dataset/gt/10246_resized_gt.mrc,6,6,85368,85368,0,16800,13487
10246,/data/ggutierrez/models/10246_resized.mrc,0.0345,/data/ggutierrez/dataset/gt/10246_resized_gt.mrc,6,6,85368,85368,0,16800,14673
10246,/data/ggutierrez/models/10246_resized.mrc,0.0345,/data/ggutierrez/dataset/gt/10246_resized_gt.mrc,6,6,85368,85368,0,16800,14627
10246,/data/ggutierrez/models/10246_resized.mrc,0.0345,/data/ggutierrez/dataset/gt/10246_resized_gt.mrc,6,6,85368,85368,0,16800,13678
10246,/data/ggutierrez/models/10246_resized.mrc,0.0345,/data/ggutierrez/dataset/gt/10246_resized_gt.mrc,6,6,85368,85368,0,16800,14472
10246,/data/ggutierrez/models/10246_resized.mrc,0.0345,/data/ggutierrez/dataset/gt/10246_resized_gt.mrc,6,6,85368,85368,0,16800,14431
10247,/data/ggutierrez/models/10247_resized.mrc,0.0286,/data/ggutierrez/dataset/gt/10247_resized_gt.mrc,5,5,149768,143307,6461,42589,71743
10247,/data/ggutierrez/models/10247_resized.mrc,0.0286,/data/ggutierrez/dataset/gt/10247_resized_gt.mrc,5,5,149768,143307,6461,42589,35702
10247,/data/ggutierrez/models/10247_resized.mrc,0.0286,/data/ggutierrez/dataset/gt/10247_resized_gt.mrc,5,5,149768,143307,6461,42589,3935
10247,/data/ggutierrez/models/10247_resized.mrc,0.0286,/data/ggutierrez/dataset/gt/10247_resized_gt.mrc,5,5,149768,143307,6461,42589,21469
10247,/data/ggutierrez/models/10247_resized.mrc,0.0286,/data/ggutierrez/dataset/gt/10247_resized_gt.mrc,5,5,149768,143307,6461,42589,10458
10249,/data/ggutierrez/models/10249_resized.mrc,0.012,/data/ggutierrez/dataset/gt/10249_resized_gt.mrc,5,5,247824,240596,7228,56328,127558
10249,/data/ggutierrez/models/10249_resized.mrc,0.012,/data/ggutierrez/dataset/gt/10249_resized_gt.mrc,5,5,247824,240596,7228,56328,55737
10249,/data/ggutierrez/models/10249_resized.mrc,0.012,/data/ggutierrez/dataset/gt/10249_resized_gt.mrc,5,5,247824,240596,7228,56328,5704
10249,/data/ggutierrez/models/10249_resized.mrc,0.012,/data/ggutierrez/dataset/gt/10249_resized_gt.mrc,5,5,247824,240596,7228,56328,31893
10249,/data/ggutierrez/models/10249_resized.mrc,0.012,/data/ggutierrez/dataset/gt/10249_resized_gt.mrc,5,5,247824,240596,7228,56328,19704
10250,/data/ggutierrez/models/10250_resized.mrc,0.0127,/data/ggutierrez/dataset/gt/10250_resized_gt.mrc,5,5,220721,210969,9752,54835,112555
10250,/data/ggutierrez/models/10250_resized.mrc,0.0127,/data/ggutierrez/dataset/gt/10250_resized_gt.mrc,5,5,220721,210969,9752,54835,47113
10250,/data/ggutierrez/models/10250_resized.mrc,0.0127,/data/ggutierrez/dataset/gt/10250_resized_gt.mrc,5,5,220721,210969,9752,54835,4967
10250,/data/ggutierrez/models/10250_resized.mrc,0.0127,/data/ggutierrez/dataset/gt/10250_resized_gt.mrc,5,5,220721,210969,9752,54835,33191
10250,/data/ggutierrez/models/10250_resized.mrc,0.0127,/data/ggutierrez/dataset/gt/10250_resized_gt.mrc,5,5,220721,210969,9752,54835,13143
10251,/data/ggutierrez/models/10251_resized.mrc,0.0119,/data/ggutierrez/dataset/gt/10251_resized_gt.mrc,5,5,250964,241457,9507,57603,126091
10251,/data/ggutierrez/models/10251_resized.mrc,0.0119,/data/ggutierrez/dataset/gt/10251_resized_gt.mrc,5,5,250964,241457,9507,57603,54767
10251,/data/ggutierrez/models/10251_resized.mrc,0.0119,/data/ggutierrez/dataset/gt/10251_resized_gt.mrc,5,5,250964,241457,9507,57603,7622
10251,/data/ggutierrez/models/10251_resized.mrc,0.0119,/data/ggutierrez/dataset/gt/10251_resized_gt.mrc,5,5,250964,241457,9507,57603,32466
10251,/data/ggutierrez/models/10251_resized.mrc,0.0119,/data/ggutierrez/dataset/gt/10251_resized_gt.mrc,5,5,250964,241457,9507,57603,20511
10252,/data/ggutierrez/models/10252_resized.mrc,0.0111,/data/ggutierrez/dataset/gt/10252_resized_gt.mrc,5,5,280367,270830,9537,66554,140975
10252,/data/ggutierrez/models/10252_resized.mrc,0.0111,/data/ggutierrez/dataset/gt/10252_resized_gt.mrc,5,5,280367,270830,9537,66554,62550
10252,/data/ggutierrez/models/10252_resized.mrc,0.0111,/data/ggutierrez/dataset/gt/10252_resized_gt.mrc,5,5,280367,270830,9537,66554,8282
10252,/data/ggutierrez/models/10252_resized.mrc,0.0111,/data/ggutierrez/dataset/gt/10252_resized_gt.mrc,5,5,280367,270830,9537,66554,35884
10252,/data/ggutierrez/models/10252_resized.mrc,0.0111,/data/ggutierrez/dataset/gt/10252_resized_gt.mrc,5,5,280367,270830,9537,66554,23139
10253,/data/ggutierrez/models/10253_resized.mrc,0.0118,/data/ggutierrez/dataset/gt/10253_resized_gt.mrc,5,5,252254,238219,14035,64409,126630
10253,/data/ggutierrez/models/10253_resized.mrc,0.0118,/data/ggutierrez/dataset/gt/10253_resized_gt.mrc,5,5,252254,238219,14035,64409,53891
10253,/data/ggutierrez/models/10253_resized.mrc,0.0118,/data/ggutierrez/dataset/gt/10253_resized_gt.mrc,5,5,252254,238219,14035,64409,6729
10253,/data/ggutierrez/models/10253_resized.mrc,0.0118,/data/ggutierrez/dataset/gt/10253_resized_gt.mrc,5,5,252254,238219,14035,64409,32123
10253,/data/ggutierrez/models/10253_resized.mrc,0.0118,/data/ggutierrez/dataset/gt/10253_resized_gt.mrc,5,5,252254,238219,14035,64409,18846
10254,/data/ggutierrez/models/10254_resized.mrc,0.0113,/data/ggutierrez/dataset/gt/10254_resized_gt.mrc,5,5,264792,252191,12601,65079,133774
10254,/data/ggutierrez/models/10254_resized.mrc,0.0113,/data/ggutierrez/dataset/gt/10254_resized_gt.mrc,5,5,264792,252191,12601,65079,55687
10254,/data/ggutierrez/models/10254_resized.mrc,0.0113,/data/ggutierrez/dataset/gt/10254_resized_gt.mrc,5,5,264792,252191,12601,65079,8018
10254,/data/ggutierrez/models/10254_resized.mrc,0.0113,/data/ggutierrez/dataset/gt/10254_resized_gt.mrc,5,5,264792,252191,12601,65079,34582
10254,/data/ggutierrez/models/10254_resized.mrc,0.0113,/data/ggutierrez/dataset/gt/10254_resized_gt.mrc,5,5,264792,252191,12601,65079,20130
10255,/data/ggutierrez/models/10255_resized.mrc,0.0106,/data/ggutierrez/dataset/gt/10255_resized_gt.mrc,5,5,300597,289891,10706,70301,154084
10255,/data/ggutierrez/models/10255_resized.mrc,0.0106,/data/ggutierrez/dataset/gt/10255_resized_gt.mrc,5,5,300597,289891,10706,70301,65019
10255,/data/ggutierrez/models/10255_resized.mrc,0.0106,/data/ggutierrez/dataset/gt/10255_resized_gt.mrc,5,5,300597,289891,10706,70301,8592
10255,/data/ggutierrez/models/10255_resized.mrc,0.0106,/data/ggutierrez/dataset/gt/10255_resized_gt.mrc,5,5,300597,289891,10706,70301,38569
10255,/data/ggutierrez/models/10255_resized.mrc,0.0106,/data/ggutierrez/dataset/gt/10255_resized_gt.mrc,5,5,300597,289891,10706,70301,23627
10269,/data/ggutierrez/models/10269_resized.mrc,0.0113,/data/ggutierrez/dataset/gt/10269_resized_gt.mrc,5,5,275270,265919,9351,62754,141777
10269,/data/ggutierrez/models/10269_resized.mrc,0.0113,/data/ggutierrez/dataset/gt/10269_resized_gt.mrc,5,5,275270,265919,9351,62754,61272
10269,/data/ggutierrez/models/10269_resized.mrc,0.0113,/data/ggutierrez/dataset/gt/10269_resized_gt.mrc,5,5,275270,265919,9351,62754,6701
10269,/data/ggutierrez/models/10269_resized.mrc,0.0113,/data/ggutierrez/dataset/gt/10269_resized_gt.mrc,5,5,275270,265919,9351,62754,33094
10269,/data/ggutierrez/models/10269_resized.mrc,0.0113,/data/ggutierrez/dataset/gt/10269_resized_gt.mrc,5,5,275270,265919,9351,62754,23075
10271,/data/ggutierrez/models/10271_resized.mrc,0.012,/data/ggutierrez/dataset/gt/10271_resized_gt.mrc,5,5,241484,232428,9056,61722,120876
10271,/data/ggutierrez/models/10271_resized.mrc,0.012,/data/ggutierrez/dataset/gt/10271_resized_gt.mrc,5,5,241484,232428,9056,61722,53577
10271,/data/ggutierrez/models/10271_resized.mrc,0.012,/data/ggutierrez/dataset/gt/10271_resized_gt.mrc,5,5,241484,232428,9056,61722,8782
10271,/data/ggutierrez/models/10271_resized.mrc,0.012,/data/ggutierrez/dataset/gt/10271_resized_gt.mrc,5,5,241484,232428,9056,61722,30567
10271,/data/ggutierrez/models/10271_resized.mrc,0.012,/data/ggutierrez/dataset/gt/10271_resized_gt.mrc,5,5,241484,232428,9056,61722,18626
10272,/data/ggutierrez/models/10272_resized.mrc,0.0106,/data/ggutierrez/dataset/gt/10272_resized_gt.mrc,5,5,298115,285604,12511,81346,152749
10272,/data/ggutierrez/models/10272_resized.mrc,0.0106,/data/ggutierrez/dataset/gt/10272_resized_gt.mrc,5,5,298115,285604,12511,81346,64332
10272,/data/ggutierrez/models/10272_resized.mrc,0.0106,/data/ggutierrez/dataset/gt/10272_resized_gt.mrc,5,5,298115,285604,12511,81346,7609
10272,/data/ggutierrez/models/10272_resized.mrc,0.0106,/data/ggutierrez/dataset/gt/10272_resized_gt.mrc,5,5,298115,285604,12511,81346,37605
10272,/data/ggutierrez/models/10272_resized.mrc,0.0106,/data/ggutierrez/dataset/gt/10272_resized_gt.mrc,5,5,298115,285604,12511,81346,23309
10274,/data/ggutierrez/models/10274_resized.mrc,0.0121,/data/ggutierrez/dataset/gt/10274_resized_gt.mrc,5,5,238210,226854,11356,58126,120964
10274,/data/ggutierrez/models/10274_resized.mrc,0.0121,/data/ggutierrez/dataset/gt/10274_resized_gt.mrc,5,5,238210,226854,11356,58126,47931
10274,/data/ggutierrez/models/10274_resized.mrc,0.0121,/data/ggutierrez/dataset/gt/10274_resized_gt.mrc,5,5,238210,226854,11356,58126,9723
10274,/data/ggutierrez/models/10274_resized.mrc,0.0121,/data/ggutierrez/dataset/gt/10274_resized_gt.mrc,5,5,238210,226854,11356,58126,30464
10274,/data/ggutierrez/models/10274_resized.mrc,0.0121,/data/ggutierrez/dataset/gt/10274_resized_gt.mrc,5,5,238210,226854,11356,58126,17772
10275,/data/ggutierrez/models/10275_resized.mrc,0.0122,/data/ggutierrez/dataset/gt/10275_resized_gt.mrc,5,5,242830,233429,9401,57183,121760
10275,/data/ggutierrez/models/10275_resized.mrc,0.0122,/data/ggutierrez/dataset/gt/10275_resized_gt.mrc,5,5,242830,233429,9401,57183,55885
10275,/data/ggutierrez/models/10275_resized.mrc,0.0122,/data/ggutierrez/dataset/gt/10275_resized_gt.mrc,5,5,242830,233429,9401,57183,4857
10275,/data/ggutierrez/models/10275_resized.mrc,0.0122,/data/ggutierrez/dataset/gt/10275_resized_gt.mrc,5,5,242830,233429,9401,57183,33430
10275,/data/ggutierrez/models/10275_resized.mrc,0.0122,/data/ggutierrez/dataset/gt/10275_resized_gt.mrc,5,5,242830,233429,9401,57183,17497
10392,/data/ggutierrez/models/10392_resized.mrc,0.055,/data/ggutierrez/dataset/gt/10392_resized_gt.mrc,11,11,126885,126839,46,64456,8535
10392,/data/ggutierrez/models/10392_resized.mrc,0.055,/data/ggutierrez/dataset/gt/10392_resized_gt.mrc,11,11,126885,126839,46,64456,28696
10392,/data/ggutierrez/models/10392_resized.mrc,0.055,/data/ggutierrez/dataset/gt/10392_resized_gt.mrc,11,11,126885,126839,46,64456,6739
10392,/data/ggutierrez/models/10392_resized.mrc,0.055,/data/ggutierrez/dataset/gt/10392_resized_gt.mrc,11,11,126885,126839,46,64456,7014
10392,/data/ggutierrez/models/10392_resized.mrc,0.055,/data/ggutierrez/dataset/gt/10392_resized_gt.mrc,11,11,126885,126839,46,64456,10478
10392,/data/ggutierrez/models/10392_resized.mrc,0.055,/data/ggutierrez/dataset/gt/10392_resized_gt.mrc,11,11,126885,126839,46,64456,7404
10392,/data/ggutierrez/models/10392_resized.mrc,0.055,/data/ggutierrez/dataset/gt/10392_resized_gt.mrc,11,11,126885,126839,46,64456,9052
10392,/data/ggutierrez/models/10392_resized.mrc,0.055,/data/ggutierrez/dataset/gt/10392_resized_gt.mrc,11,11,126885,126839,46,64456,7008
10392,/data/ggutierrez/models/10392_resized.mrc,0.055,/data/ggutierrez/dataset/gt/10392_resized_gt.mrc,11,11,126885,126839,46,64456,9342
10392,/data/ggutierrez/models/10392_resized.mrc,0.055,/data/ggutierrez/dataset/gt/10392_resized_gt.mrc,11,11,126885,126839,46,64456,7803
10392,/data/ggutierrez/models/10392_resized.mrc,0.055,/data/ggutierrez/dataset/gt/10392_resized_gt.mrc,11,11,126885,126839,46,64456,24768
10699,/data/ggutierrez/models/10699_resized.mrc,0.6,/data/ggutierrez/dataset/gt/10699_resized_gt.mrc,6,6,151123,149847,1276,53484,34336
10699,/data/ggutierrez/models/10699_resized.mrc,0.6,/data/ggutierrez/dataset/gt/10699_resized_gt.mrc,6,6,151123,149847,1276,53484,12884
10699,/data/ggutierrez/models/10699_resized.mrc,0.6,/data/ggutierrez/dataset/gt/10699_resized_gt.mrc,6,6,151123,149847,1276,53484,40680
10699,/data/ggutierrez/models/10699_resized.mrc,0.6,/data/ggutierrez/dataset/gt/10699_resized_gt.mrc,6,6,151123,149847,1276,53484,36918
10699,/data/ggutierrez/models/10699_resized.mrc,0.6,/data/ggutierrez/dataset/gt/10699_resized_gt.mrc,6,6,151123,149847,1276,53484,14056
10699,/data/ggutierrez/models/10699_resized.mrc,0.6,/data/ggutierrez/dataset/gt/10699_resized_gt.mrc,6,6,151123,149847,1276,53484,10973
11042,/data/ggutierrez/models/11042_resized.mrc,0.01,/data/ggutierrez/dataset/gt/11042_resized_gt.mrc,12,12,279499,279499,0,100276,40329
11042,/data/ggutierrez/models/11042_resized.mrc,0.01,/data/ggutierrez/dataset/gt/11042_resized_gt.mrc,12,12,279499,279499,0,100276,21124
11042,/data/ggutierrez/models/11042_resized.mrc,0.01,/data/ggutierrez/dataset/gt/11042_resized_gt.mrc,12,12,279499,279499,0,100276,19735
11042,/data/ggutierrez/models/11042_resized.mrc,0.01,/data/ggutierrez/dataset/gt/11042_resized_gt.mrc,12,12,279499,279499,0,100276,19418
11042,/data/ggutierrez/models/11042_resized.mrc,0.01,/data/ggutierrez/dataset/gt/11042_resized_gt.mrc,12,12,279499,279499,0,100276,41186
11042,/data/ggutierrez/models/11042_resized.mrc,0.01,/data/ggutierrez/dataset/gt/11042_resized_gt.mrc,12,12,279499,279499,0,100276,41151
11042,/data/ggutierrez/models/11042_resized.mrc,0.01,/data/ggutierrez/dataset/gt/11042_resized_gt.mrc,12,12,279499,279499,0,100276,41768
11042,/data/ggutierrez/models/11042_resized.mrc,0.01,/data/ggutierrez/dataset/gt/11042_resized_gt.mrc,12,12,279499,279499,0,100276,8631
11042,/data/ggutierrez/models/11042_resized.mrc,0.01,/data/ggutierrez/dataset/gt/11042_resized_gt.mrc,12,12,279499,279499,0,100276,8082
11042,/data/ggutierrez/models/11042_resized.mrc,0.01,/data/ggutierrez/dataset/gt/11042_resized_gt.mrc,12,12,279499,279499,0,100276,8393
11042,/data/ggutierrez/models/11042_resized.mrc,0.01,/data/ggutierrez/dataset/gt/11042_resized_gt.mrc,12,12,279499,279499,0,100276,8582
11042,/data/ggutierrez/models/11042_resized.mrc,0.01,/data/ggutierrez/dataset/gt/11042_resized_gt.mrc,12,12,279499,279499,0,100276,21100
11190,/data/ggutierrez/models/11190_resized.mrc,0.35,/data/ggutierrez/dataset/gt/11190_resized_gt.mrc,8,8,75909,75750,159,180,9112
11190,/data/ggutierrez/models/11190_resized.mrc,0.35,/data/ggutierrez/dataset/gt/11190_resized_gt.mrc,8,8,75909,75750,159,180,9494
11190,/data/ggutierrez/models/11190_resized.mrc,0.35,/data/ggutierrez/dataset/gt/11190_resized_gt.mrc,8,8,75909,75750,159,180,9553
11190,/data/ggutierrez/models/11190_resized.mrc,0.35,/data/ggutierrez/dataset/gt/11190_resized_gt.mrc,8,8,75909,75750,159,180,9473
11190,/data/ggutierrez/models/11190_resized.mrc,0.35,/data/ggutierrez/dataset/gt/11190_resized_gt.mrc,8,8,75909,75750,159,180,9479
11190,/data/ggutierrez/models/11190_resized.mrc,0.35,/data/ggutierrez/dataset/gt/11190_resized_gt.mrc,8,8,75909,75750,159,180,9454
11190,/data/ggutierrez/models/11190_resized.mrc,0.35,/data/ggutierrez/dataset/gt/11190_resized_gt.mrc,8,8,75909,75750,159,180,9460
11190,/data/ggutierrez/models/11190_resized.mrc,0.35,/data/ggutierrez/dataset/gt/11190_resized_gt.mrc,8,8,75909,75750,159,180,9725
11277,/data/ggutierrez/models/11277_resized.mrc,0.028,/data/ggutierrez/dataset/gt/11277_resized_gt.mrc,4,4,200938,200937,1,44433,37626
11277,/data/ggutierrez/models/11277_resized.mrc,0.028,/data/ggutierrez/dataset/gt/11277_resized_gt.mrc,4,4,200938,200937,1,44433,66192
11277,/data/ggutierrez/models/11277_resized.mrc,0.028,/data/ggutierrez/dataset/gt/11277_resized_gt.mrc,4,4,200938,200937,1,44433,38267
11277,/data/ggutierrez/models/11277_resized.mrc,0.028,/data/ggutierrez/dataset/gt/11277_resized_gt.mrc,4,4,200938,200937,1,44433,58852
11688,/data/ggutierrez/models/11688_resized.mrc,0.2,/data/ggutierrez/dataset/gt/11688_resized_gt.mrc,6,6,855858,852350,3508,305637,179814
11688,/data/ggutierrez/models/11688_resized.mrc,0.2,/data/ggutierrez/dataset/gt/11688_resized_gt.mrc,6,6,855858,852350,3508,305637,93954
11688,/data/ggutierrez/models/11688_resized.mrc,0.2,/data/ggutierrez/dataset/gt/11688_resized_gt.mrc,6,6,855858,852350,3508,305637,94600
11688,/data/ggutierrez/models/11688_resized.mrc,0.2,/data/ggutierrez/dataset/gt/11688_resized_gt.mrc,6,6,855858,852350,3508,305637,95943
11688,/data/ggutierrez/models/11688_resized.mrc,0.2,/data/ggutierrez/dataset/gt/11688_resized_gt.mrc,6,6,855858,852350,3508,305637,193225
11688,/data/ggutierrez/models/11688_resized.mrc,0.2,/data/ggutierrez/dataset/gt/11688_resized_gt.mrc,6,6,855858,852350,3508,305637,194814
11837,/data/ggutierrez/models/11837_resized.mrc,0.01,/data/ggutierrez/dataset/gt/11837_resized_gt.mrc,5,5,177342,177342,0,88525,1572
11837,/data/ggutierrez/models/11837_resized.mrc,0.01,/data/ggutierrez/dataset/gt/11837_resized_gt.mrc,5,5,177342,177342,0,88525,42392
11837,/data/ggutierrez/models/11837_resized.mrc,0.01,/data/ggutierrez/dataset/gt/11837_resized_gt.mrc,5,5,177342,177342,0,88525,37411
11837,/data/ggutierrez/models/11837_resized.mrc,0.01,/data/ggutierrez/dataset/gt/11837_resized_gt.mrc,5,5,177342,177342,0,88525,50074
11837,/data/ggutierrez/models/11837_resized.mrc,0.01,/data/ggutierrez/dataset/gt/11837_resized_gt.mrc,5,5,177342,177342,0,88525,45893
11838,/data/ggutierrez/models/11838_resized.mrc,0.014,/data/ggutierrez/dataset/gt/11838_resized_gt.mrc,5,5,127167,127167,0,18692,2563
11838,/data/ggutierrez/models/11838_resized.mrc,0.014,/data/ggutierrez/dataset/gt/11838_resized_gt.mrc,5,5,127167,127167,0,18692,21876
11838,/data/ggutierrez/models/11838_resized.mrc,0.014,/data/ggutierrez/dataset/gt/11838_resized_gt.mrc,5,5,127167,127167,0,18692,41677
11838,/data/ggutierrez/models/11838_resized.mrc,0.014,/data/ggutierrez/dataset/gt/11838_resized_gt.mrc,5,5,127167,127167,0,18692,20162
11838,/data/ggutierrez/models/11838_resized.mrc,0.014,/data/ggutierrez/dataset/gt/11838_resized_gt.mrc,5,5,127167,127167,0,18692,40889
12051,/data/ggutierrez/models/12051_resized.mrc,0.0232,/data/ggutierrez/dataset/gt/12051_resized_gt.mrc,6,6,74614,74614,0,3233,12095
12051,/data/ggutierrez/models/12051_resized.mrc,0.0232,/data/ggutierrez/dataset/gt/12051_resized_gt.mrc,6,6,74614,74614,0,3233,14055
12051,/data/ggutierrez/models/12051_resized.mrc,0.0232,/data/ggutierrez/dataset/gt/12051_resized_gt.mrc,6,6,74614,74614,0,3233,14082
12051,/data/ggutierrez/models/12051_resized.mrc,0.0232,/data/ggutierrez/dataset/gt/12051_resized_gt.mrc,6,6,74614,74614,0,3233,13466
12051,/data/ggutierrez/models/12051_resized.mrc,0.0232,/data/ggutierrez/dataset/gt/12051_resized_gt.mrc,6,6,74614,74614,0,3233,8274
12051,/data/ggutierrez/models/12051_resized.mrc,0.0232,/data/ggutierrez/dataset/gt/12051_resized_gt.mrc,6,6,74614,74614,0,3233,12642
12312,/data/ggutierrez/models/12312_resized.mrc,0.26,/data/ggutierrez/dataset/gt/12312_resized_gt.mrc,7,7,718658,718432,226,119366,108313
12312,/data/ggutierrez/models/12312_resized.mrc,0.26,/data/ggutierrez/dataset/gt/12312_resized_gt.mrc,7,7,718658,718432,226,119366,118940
12312,/data/ggutierrez/models/12312_resized.mrc,0.26,/data/ggutierrez/dataset/gt/12312_resized_gt.mrc,7,7,718658,718432,226,119366,115750
12312,/data/ggutierrez/models/12312_resized.mrc,0.26,/data/ggutierrez/dataset/gt/12312_resized_gt.mrc,7,7,718658,718432,226,119366,129184
12312,/data/ggutierrez/models/12312_resized.mrc,0.26,/data/ggutierrez/dataset/gt/12312_resized_gt.mrc,7,7,718658,718432,226,119366,117215
12312,/data/ggutierrez/models/12312_resized.mrc,0.26,/data/ggutierrez/dataset/gt/12312_resized_gt.mrc,7,7,718658,718432,226,119366,125027
12312,/data/ggutierrez/models/12312_resized.mrc,0.26,/data/ggutierrez/dataset/gt/12312_resized_gt.mrc,7,7,718658,718432,226,119366,4003
12363,/data/ggutierrez/models/12363_resized.mrc,0.601,/data/ggutierrez/dataset/gt/12363_resized_gt.mrc,6,6,167293,166650,643,39147,58322
12363,/data/ggutierrez/models/12363_resized.mrc,0.601,/data/ggutierrez/dataset/gt/12363_resized_gt.mrc,6,6,167293,166650,643,39147,65152
12363,/data/ggutierrez/models/12363_resized.mrc,0.601,/data/ggutierrez/dataset/gt/12363_resized_gt.mrc,6,6,167293,166650,643,39147,24093
12363,/data/ggutierrez/models/12363_resized.mrc,0.601,/data/ggutierrez/dataset/gt/12363_resized_gt.mrc,6,6,167293,166650,643,39147,1679
12363,/data/ggutierrez/models/12363_resized.mrc,0.601,/data/ggutierrez/dataset/gt/12363_resized_gt.mrc,6,6,167293,166650,643,39147,5795
12363,/data/ggutierrez/models/12363_resized.mrc,0.601,/data/ggutierrez/dataset/gt/12363_resized_gt.mrc,6,6,167293,166650,643,39147,11609
13073,/data/ggutierrez/models/13073_resized.mrc,0.0665,/data/ggutierrez/dataset/gt/13073_resized_gt.mrc,2,2,213107,210731,2376,94939,105786
13073,/data/ggutierrez/models/13073_resized.mrc,0.0665,/data/ggutierrez/dataset/gt/13073_resized_gt.mrc,2,2,213107,210731,2376,94939,104945
13116,/data/ggutierrez/models/13116_resized.mrc,0.5,/data/ggutierrez/dataset/gt/13116_resized_gt.mrc,10,10,305304,293381,11923,53153,119901
13116,/data/ggutierrez/models/13116_resized.mrc,0.5,/data/ggutierrez/dataset/gt/13116_resized_gt.mrc,10,10,305304,293381,11923,53153,8026
13116,/data/ggutierrez/models/13116_resized.mrc,0.5,/data/ggutierrez/dataset/gt/13116_resized_gt.mrc,10,10,305304,293381,11923,53153,8344
13116,/data/ggutierrez/models/13116_resized.mrc,0.5,/data/ggutierrez/dataset/gt/13116_resized_gt.mrc,10,10,305304,293381,11923,53153,5359
13116,/data/ggutierrez/models/13116_resized.mrc,0.5,/data/ggutierrez/dataset/gt/13116_resized_gt.mrc,10,10,305304,293381,11923,53153,5913
13116,/data/ggutierrez/models/13116_resized.mrc,0.5,/data/ggutierrez/dataset/gt/13116_resized_gt.mrc,10,10,305304,293381,11923,53153,7400
13116,/data/ggutierrez/models/13116_resized.mrc,0.5,/data/ggutierrez/dataset/gt/13116_resized_gt.mrc,10,10,305304,293381,11923,53153,120925
13116,/data/ggutierrez/models/13116_resized.mrc,0.5,/data/ggutierrez/dataset/gt/13116_resized_gt.mrc,10,10,305304,293381,11923,53153,7657
13116,/data/ggutierrez/models/13116_resized.mrc,0.5,/data/ggutierrez/dataset/gt/13116_resized_gt.mrc,10,10,305304,293381,11923,53153,4850
13116,/data/ggutierrez/models/13116_resized.mrc,0.5,/data/ggutierrez/dataset/gt/13116_resized_gt.mrc,10,10,305304,293381,11923,53153,5006
13187,/data/ggutierrez/models/13187_resized.mrc,0.015,/data/ggutierrez/dataset/gt/13187_resized_gt.mrc,4,4,129843,129843,0,2973,35224
13187,/data/ggutierrez/models/13187_resized.mrc,0.015,/data/ggutierrez/dataset/gt/13187_resized_gt.mrc,4,4,129843,129843,0,2973,46815
13187,/data/ggutierrez/models/13187_resized.mrc,0.015,/data/ggutierrez/dataset/gt/13187_resized_gt.mrc,4,4,129843,129843,0,2973,9657
13187,/data/ggutierrez/models/13187_resized.mrc,0.015,/data/ggutierrez/dataset/gt/13187_resized_gt.mrc,4,4,129843,129843,0,2973,38147
13319,/data/ggutierrez/models/13319_resized.mrc,0.01,/data/ggutierrez/dataset/gt/13319_resized_gt.mrc,4,4,100649,100649,0,19627,13169
13319,/data/ggutierrez/models/13319_resized.mrc,0.01,/data/ggutierrez/dataset/gt/13319_resized_gt.mrc,4,4,100649,100649,0,19627,13663
13319,/data/ggutierrez/models/13319_resized.mrc,0.01,/data/ggutierrez/dataset/gt/13319_resized_gt.mrc,4,4,100649,100649,0,19627,36915
13319,/data/ggutierrez/models/13319_resized.mrc,0.01,/data/ggutierrez/dataset/gt/13319_resized_gt.mrc,4,4,100649,100649,0,19627,36902
13365,/data/ggutierrez/models/13365_resized.mrc,0.0215,/data/ggutierrez/dataset/gt/13365_resized_gt.mrc,19,19,316886,316117,769,130587,9116
13365,/data/ggutierrez/models/13365_resized.mrc,0.0215,/data/ggutierrez/dataset/gt/13365_resized_gt.mrc,19,19,316886,316117,769,130587,6774
13365,/data/ggutierrez/models/13365_resized.mrc,0.0215,/data/ggutierrez/dataset/gt/13365_resized_gt.mrc,19,19,316886,316117,769,130587,10642
13365,/data/ggutierrez/models/13365_resized.mrc,0.0215,/data/ggutierrez/dataset/gt/13365_resized_gt.mrc,19,19,316886,316117,769,130587,7241
13365,/data/ggutierrez/models/13365_resized.mrc,0.0215,/data/ggutierrez/dataset/gt/13365_resized_gt.mrc,19,19,316886,316117,769,130587,8321
13365,/data/ggutierrez/models/13365_resized.mrc,0.0215,/data/ggutierrez/dataset/gt/13365_resized_gt.mrc,19,19,316886,316117,769,130587,6565
13365,/data/ggutierrez/models/13365_resized.mrc,0.0215,/data/ggutierrez/dataset/gt/13365_resized_gt.mrc,19,19,316886,316117,769,130587,8013
13365,/data/ggutierrez/models/13365_resized.mrc,0.0215,/data/ggutierrez/dataset/gt/13365_resized_gt.mrc,19,19,316886,316117,769,130587,6189
13365,/data/ggutierrez/models/13365_resized.mrc,0.0215,/data/ggutierrez/dataset/gt/13365_resized_gt.mrc,19,19,316886,316117,769,130587,6353
13365,/data/ggutierrez/models/13365_resized.mrc,0.0215,/data/ggutierrez/dataset/gt/13365_resized_gt.mrc,19,19,316886,316117,769,130587,87334
13365,/data/ggutierrez/models/13365_resized.mrc,0.0215,/data/ggutierrez/dataset/gt/13365_resized_gt.mrc,19,19,316886,316117,769,130587,96126
13365,/data/ggutierrez/models/13365_resized.mrc,0.0215,/data/ggutierrez/dataset/gt/13365_resized_gt.mrc,19,19,316886,316117,769,130587,6198
13365,/data/ggutierrez/models/13365_resized.mrc,0.0215,/data/ggutierrez/dataset/gt/13365_resized_gt.mrc,19,19,316886,316117,769,130587,8413
13365,/data/ggutierrez/models/13365_resized.mrc,0.0215,/data/ggutierrez/dataset/gt/13365_resized_gt.mrc,19,19,316886,316117,769,130587,6505
13365,/data/ggutierrez/models/13365_resized.mrc,0.0215,/data/ggutierrez/dataset/gt/13365_resized_gt.mrc,19,19,316886,316117,769,130587,8205
13365,/data/ggutierrez/models/13365_resized.mrc,0.0215,/data/ggutierrez/dataset/gt/13365_resized_gt.mrc,19,19,316886,316117,769,130587,8148
13365,/data/ggutierrez/models/13365_resized.mrc,0.0215,/data/ggutierrez/dataset/gt/13365_resized_gt.mrc,19,19,316886,316117,769,130587,10042
13365,/data/ggutierrez/models/13365_resized.mrc,0.0215,/data/ggutierrez/dataset/gt/13365_resized_gt.mrc,19,19,316886,316117,769,130587,7752
13365,/data/ggutierrez/models/13365_resized.mrc,0.0215,/data/ggutierrez/dataset/gt/13365_resized_gt.mrc,19,19,316886,316117,769,130587,8180
13371,/data/ggutierrez/models/13371_resized.mrc,0.043,/data/ggutierrez/dataset/gt/13371_resized_gt.mrc,19,19,434016,432654,1362,104447,12024
13371,/data/ggutierrez/models/13371_resized.mrc,0.043,/data/ggutierrez/dataset/gt/13371_resized_gt.mrc,19,19,434016,432654,1362,104447,139793
13371,/data/ggutierrez/models/13371_resized.mrc,0.043,/data/ggutierrez/dataset/gt/13371_resized_gt.mrc,19,19,434016,432654,1362,104447,7542
13371,/data/ggutierrez/models/13371_resized.mrc,0.043,/data/ggutierrez/dataset/gt/13371_resized_gt.mrc,19,19,434016,432654,1362,104447,11685
13371,/data/ggutierrez/models/13371_resized.mrc,0.043,/data/ggutierrez/dataset/gt/13371_resized_gt.mrc,19,19,434016,432654,1362,104447,11345
13371,/data/ggutierrez/models/13371_resized.mrc,0.043,/data/ggutierrez/dataset/gt/13371_resized_gt.mrc,19,19,434016,432654,1362,104447,12247
13371,/data/ggutierrez/models/13371_resized.mrc,0.043,/data/ggutierrez/dataset/gt/13371_resized_gt.mrc,19,19,434016,432654,1362,104447,12164
13371,/data/ggutierrez/models/13371_resized.mrc,0.043,/data/ggutierrez/dataset/gt/13371_resized_gt.mrc,19,19,434016,432654,1362,104447,13034
13371,/data/ggutierrez/models/13371_resized.mrc,0.043,/data/ggutierrez/dataset/gt/13371_resized_gt.mrc,19,19,434016,432654,1362,104447,8074
13371,/data/ggutierrez/models/13371_resized.mrc,0.043,/data/ggutierrez/dataset/gt/13371_resized_gt.mrc,19,19,434016,432654,1362,104447,9231
13371,/data/ggutierrez/models/13371_resized.mrc,0.043,/data/ggutierrez/dataset/gt/13371_resized_gt.mrc,19,19,434016,432654,1362,104447,11095
13371,/data/ggutierrez/models/13371_resized.mrc,0.043,/data/ggutierrez/dataset/gt/13371_resized_gt.mrc,19,19,434016,432654,1362,104447,7662
13371,/data/ggutierrez/models/13371_resized.mrc,0.043,/data/ggutierrez/dataset/gt/13371_resized_gt.mrc,19,19,434016,432654,1362,104447,10679
13371,/data/ggutierrez/models/13371_resized.mrc,0.043,/data/ggutierrez/dataset/gt/13371_resized_gt.mrc,19,19,434016,432654,1362,104447,10466
13371,/data/ggutierrez/models/13371_resized.mrc,0.043,/data/ggutierrez/dataset/gt/13371_resized_gt.mrc,19,19,434016,432654,1362,104447,11067
13371,/data/ggutierrez/models/13371_resized.mrc,0.043,/data/ggutierrez/dataset/gt/13371_resized_gt.mrc,19,19,434016,432654,1362,104447,10336
13371,/data/ggutierrez/models/13371_resized.mrc,0.043,/data/ggutierrez/dataset/gt/13371_resized_gt.mrc,19,19,434016,432654,1362,104447,8617
13371,/data/ggutierrez/models/13371_resized.mrc,0.043,/data/ggutierrez/dataset/gt/13371_resized_gt.mrc,19,19,434016,432654,1362,104447,9002
13371,/data/ggutierrez/models/13371_resized.mrc,0.043,/data/ggutierrez/dataset/gt/13371_resized_gt.mrc,19,19,434016,432654,1362,104447,116591
13378,/data/ggutierrez/models/13378_resized.mrc,0.006,/data/ggutierrez/dataset/gt/13378_resized_gt.mrc,3,3,361643,279507,82136,105833,151858
13378,/data/ggutierrez/models/13378_resized.mrc,0.006,/data/ggutierrez/dataset/gt/13378_resized_gt.mrc,3,3,361643,279507,82136,105833,33304
13378,/data/ggutierrez/models/13378_resized.mrc,0.006,/data/ggutierrez/dataset/gt/13378_resized_gt.mrc,3,3,361643,279507,82136,105833,94345
13380,/data/ggutierrez/models/13380_resized.mrc,0.0436,/data/ggutierrez/dataset/gt/13380_resized_gt.mrc,20,20,459317,456207,3110,201704,11217
13380,/data/ggutierrez/models/13380_resized.mrc,0.0436,/data/ggutierrez/dataset/gt/13380_resized_gt.mrc,20,20,459317,456207,3110,201704,12968
13380,/data/ggutierrez/models/13380_resized.mrc,0.0436,/data/ggutierrez/dataset/gt/13380_resized_gt.mrc,20,20,459317,456207,3110,201704,11225
13380,/data/ggutierrez/models/13380_resized.mrc,0.0436,/data/ggutierrez/dataset/gt/13380_resized_gt.mrc,20,20,459317,456207,3110,201704,14186
13380,/data/ggutierrez/models/13380_resized.mrc,0.0436,/data/ggutierrez/dataset/gt/13380_resized_gt.mrc,20,20,459317,456207,3110,201704,9751
13380,/data/ggutierrez/models/13380_resized.mrc,0.0436,/data/ggutierrez/dataset/gt/13380_resized_gt.mrc,20,20,459317,456207,3110,201704,11735
13380,/data/ggutierrez/models/13380_resized.mrc,0.0436,/data/ggutierrez/dataset/gt/13380_resized_gt.mrc,20,20,459317,456207,3110,201704,7999
13380,/data/ggutierrez/models/13380_resized.mrc,0.0436,/data/ggutierrez/dataset/gt/13380_resized_gt.mrc,20,20,459317,456207,3110,201704,11996
13380,/data/ggutierrez/models/13380_resized.mrc,0.0436,/data/ggutierrez/dataset/gt/13380_resized_gt.mrc,20,20,459317,456207,3110,201704,9317
13380,/data/ggutierrez/models/13380_resized.mrc,0.0436,/data/ggutierrez/dataset/gt/13380_resized_gt.mrc,20,20,459317,456207,3110,201704,127953
13380,/data/ggutierrez/models/13380_resized.mrc,0.0436,/data/ggutierrez/dataset/gt/13380_resized_gt.mrc,20,20,459317,456207,3110,201704,133525
13380,/data/ggutierrez/models/13380_resized.mrc,0.0436,/data/ggutierrez/dataset/gt/13380_resized_gt.mrc,20,20,459317,456207,3110,201704,8408
13380,/data/ggutierrez/models/13380_resized.mrc,0.0436,/data/ggutierrez/dataset/gt/13380_resized_gt.mrc,20,20,459317,456207,3110,201704,9763
13380,/data/ggutierrez/models/13380_resized.mrc,0.0436,/data/ggutierrez/dataset/gt/13380_resized_gt.mrc,20,20,459317,456207,3110,201704,12836
13380,/data/ggutierrez/models/13380_resized.mrc,0.0436,/data/ggutierrez/dataset/gt/13380_resized_gt.mrc,20,20,459317,456207,3110,201704,9868
13380,/data/ggutierrez/models/13380_resized.mrc,0.0436,/data/ggutierrez/dataset/gt/13380_resized_gt.mrc,20,20,459317,456207,3110,201704,13981
13380,/data/ggutierrez/models/13380_resized.mrc,0.0436,/data/ggutierrez/dataset/gt/13380_resized_gt.mrc,20,20,459317,456207,3110,201704,10654
13380,/data/ggutierrez/models/13380_resized.mrc,0.0436,/data/ggutierrez/dataset/gt/13380_resized_gt.mrc,20,20,459317,456207,3110,201704,12222
13380,/data/ggutierrez/models/13380_resized.mrc,0.0436,/data/ggutierrez/dataset/gt/13380_resized_gt.mrc,20,20,459317,456207,3110,201704,8788
13380,/data/ggutierrez/models/13380_resized.mrc,0.0436,/data/ggutierrez/dataset/gt/13380_resized_gt.mrc,20,20,459317,456207,3110,201704,7815
13386,/data/ggutierrez/models/13386_resized.mrc,0.125,/data/ggutierrez/dataset/gt/13386_resized_gt.mrc,8,8,302319,301564,755,133420,125049
13386,/data/ggutierrez/models/13386_resized.mrc,0.125,/data/ggutierrez/dataset/gt/13386_resized_gt.mrc,8,8,302319,301564,755,133420,156551
13386,/data/ggutierrez/models/13386_resized.mrc,0.125,/data/ggutierrez/dataset/gt/13386_resized_gt.mrc,8,8,302319,301564,755,133420,8722
13386,/data/ggutierrez/models/13386_resized.mrc,0.125,/data/ggutierrez/dataset/gt/13386_resized_gt.mrc,8,8,302319,301564,755,133420,4662
13386,/data/ggutierrez/models/13386_resized.mrc,0.125,/data/ggutierrez/dataset/gt/13386_resized_gt.mrc,8,8,302319,301564,755,133420,3597
13386,/data/ggutierrez/models/13386_resized.mrc,0.125,/data/ggutierrez/dataset/gt/13386_resized_gt.mrc,8,8,302319,301564,755,133420,1736
13386,/data/ggutierrez/models/13386_resized.mrc,0.125,/data/ggutierrez/dataset/gt/13386_resized_gt.mrc,8,8,302319,301564,755,133420,832
13386,/data/ggutierrez/models/13386_resized.mrc,0.125,/data/ggutierrez/dataset/gt/13386_resized_gt.mrc,8,8,302319,301564,755,133420,415
13387,/data/ggutierrez/models/13387_resized.mrc,0.125,/data/ggutierrez/dataset/gt/13387_resized_gt.mrc,8,8,292629,291114,1515,77984,130284
13387,/data/ggutierrez/models/13387_resized.mrc,0.125,/data/ggutierrez/dataset/gt/13387_resized_gt.mrc,8,8,292629,291114,1515,77984,135626
13387,/data/ggutierrez/models/13387_resized.mrc,0.125,/data/ggutierrez/dataset/gt/13387_resized_gt.mrc,8,8,292629,291114,1515,77984,7523
13387,/data/ggutierrez/models/13387_resized.mrc,0.125,/data/ggutierrez/dataset/gt/13387_resized_gt.mrc,8,8,292629,291114,1515,77984,7013
13387,/data/ggutierrez/models/13387_resized.mrc,0.125,/data/ggutierrez/dataset/gt/13387_resized_gt.mrc,8,8,292629,291114,1515,77984,4834
13387,/data/ggutierrez/models/13387_resized.mrc,0.125,/data/ggutierrez/dataset/gt/13387_resized_gt.mrc,8,8,292629,291114,1515,77984,1516
13387,/data/ggutierrez/models/13387_resized.mrc,0.125,/data/ggutierrez/dataset/gt/13387_resized_gt.mrc,8,8,292629,291114,1515,77984,2432
13387,/data/ggutierrez/models/13387_resized.mrc,0.125,/data/ggutierrez/dataset/gt/13387_resized_gt.mrc,8,8,292629,291114,1515,77984,1886
13388,/data/ggutierrez/models/13388_resized.mrc,0.125,/data/ggutierrez/dataset/gt/13388_resized_gt.mrc,6,6,313789,306815,6974,103316,124952
13388,/data/ggutierrez/models/13388_resized.mrc,0.125,/data/ggutierrez/dataset/gt/13388_resized_gt.mrc,6,6,313789,306815,6974,103316,166561
13388,/data/ggutierrez/models/13388_resized.mrc,0.125,/data/ggutierrez/dataset/gt/13388_resized_gt.mrc,6,6,313789,306815,6974,103316,7900
13388,/data/ggutierrez/models/13388_resized.mrc,0.125,/data/ggutierrez/dataset/gt/13388_resized_gt.mrc,6,6,313789,306815,6974,103316,5707
13388,/data/ggutierrez/models/13388_resized.mrc,0.125,/data/ggutierrez/dataset/gt/13388_resized_gt.mrc,6,6,313789,306815,6974,103316,565
13388,/data/ggutierrez/models/13388_resized.mrc,0.125,/data/ggutierrez/dataset/gt/13388_resized_gt.mrc,6,6,313789,306815,6974,103316,1130
13442,/data/ggutierrez/models/13442_resized.mrc,0.0042,/data/ggutierrez/dataset/gt/13442_resized_gt.mrc,8,8,176263,176263,0,54927,42120
13442,/data/ggutierrez/models/13442_resized.mrc,0.0042,/data/ggutierrez/dataset/gt/13442_resized_gt.mrc,8,8,176263,176263,0,54927,1941
13442,/data/ggutierrez/models/13442_resized.mrc,0.0042,/data/ggutierrez/dataset/gt/13442_resized_gt.mrc,8,8,176263,176263,0,54927,42320
13442,/data/ggutierrez/models/13442_resized.mrc,0.0042,/data/ggutierrez/dataset/gt/13442_resized_gt.mrc,8,8,176263,176263,0,54927,1942
13442,/data/ggutierrez/models/13442_resized.mrc,0.0042,/data/ggutierrez/dataset/gt/13442_resized_gt.mrc,8,8,176263,176263,0,54927,42171
13442,/data/ggutierrez/models/13442_resized.mrc,0.0042,/data/ggutierrez/dataset/gt/13442_resized_gt.mrc,8,8,176263,176263,0,54927,1596
13442,/data/ggutierrez/models/13442_resized.mrc,0.0042,/data/ggutierrez/dataset/gt/13442_resized_gt.mrc,8,8,176263,176263,0,54927,42305
13442,/data/ggutierrez/models/13442_resized.mrc,0.0042,/data/ggutierrez/dataset/gt/13442_resized_gt.mrc,8,8,176263,176263,0,54927,1868
13826,/data/ggutierrez/models/13826_resized.mrc,0.012,/data/ggutierrez/dataset/gt/13826_resized_gt.mrc,16,16,588046,588046,0,32701,35617
13826,/data/ggutierrez/models/13826_resized.mrc,0.012,/data/ggutierrez/dataset/gt/13826_resized_gt.mrc,16,16,588046,588046,0,32701,37938
13826,/data/ggutierrez/models/13826_resized.mrc,0.012,/data/ggutierrez/dataset/gt/13826_resized_gt.mrc,16,16,588046,588046,0,32701,35660
13826,/data/ggutierrez/models/13826_resized.mrc,0.012,/data/ggutierrez/dataset/gt/13826_resized_gt.mrc,16,16,588046,588046,0,32701,36726
13826,/data/ggutierrez/models/13826_resized.mrc,0.012,/data/ggutierrez/dataset/gt/13826_resized_gt.mrc,16,16,588046,588046,0,32701,36201
13826,/data/ggutierrez/models/13826_resized.mrc,0.012,/data/ggutierrez/dataset/gt/13826_resized_gt.mrc,16,16,588046,588046,0,32701,38400
13826,/data/ggutierrez/models/13826_resized.mrc,0.012,/data/ggutierrez/dataset/gt/13826_resized_gt.mrc,16,16,588046,588046,0,32701,36045
13826,/data/ggutierrez/models/13826_resized.mrc,0.012,/data/ggutierrez/dataset/gt/13826_resized_gt.mrc,16,16,588046,588046,0,32701,37989
13826,/data/ggutierrez/models/13826_resized.mrc,0.012,/data/ggutierrez/dataset/gt/13826_resized_gt.mrc,16,16,588046,588046,0,32701,38119
13826,/data/ggutierrez/models/13826_resized.mrc,0.012,/data/ggutierrez/dataset/gt/13826_resized_gt.mrc,16,16,588046,588046,0,32701,35735
13826,/data/ggutierrez/models/13826_resized.mrc,0.012,/data/ggutierrez/dataset/gt/13826_resized_gt.mrc,16,16,588046,588046,0,32701,37137
13826,/data/ggutierrez/models/13826_resized.mrc,0.012,/data/ggutierrez/dataset/gt/13826_resized_gt.mrc,16,16,588046,588046,0,32701,35929
13826,/data/ggutierrez/models/13826_resized.mrc,0.012,/data/ggutierrez/dataset/gt/13826_resized_gt.mrc,16,16,588046,588046,0,32701,37405
13826,/data/ggutierrez/models/13826_resized.mrc,0.012,/data/ggutierrez/dataset/gt/13826_resized_gt.mrc,16,16,588046,588046,0,32701,36164
13826,/data/ggutierrez/models/13826_resized.mrc,0.012,/data/ggutierrez/dataset/gt/13826_resized_gt.mrc,16,16,588046,588046,0,32701,37044
13826,/data/ggutierrez/models/13826_resized.mrc,0.012,/data/ggutierrez/dataset/gt/13826_resized_gt.mrc,16,16,588046,588046,0,32701,35937
13827,/data/ggutierrez/models/13827_resized.mrc,0.0125,/data/ggutierrez/dataset/gt/13827_resized_gt.mrc,16,16,592299,592299,0,4402,33398
13827,/data/ggutierrez/models/13827_resized.mrc,0.0125,/data/ggutierrez/dataset/gt/13827_resized_gt.mrc,16,16,592299,592299,0,4402,36581
13827,/data/ggutierrez/models/13827_resized.mrc,0.0125,/data/ggutierrez/dataset/gt/13827_resized_gt.mrc,16,16,592299,592299,0,4402,39059
13827,/data/ggutierrez/models/13827_resized.mrc,0.0125,/data/ggutierrez/dataset/gt/13827_resized_gt.mrc,16,16,592299,592299,0,4402,39485
13827,/data/ggutierrez/models/13827_resized.mrc,0.0125,/data/ggutierrez/dataset/gt/13827_resized_gt.mrc,16,16,592299,592299,0,4402,36263
13827,/data/ggutierrez/models/13827_resized.mrc,0.0125,/data/ggutierrez/dataset/gt/13827_resized_gt.mrc,16,16,592299,592299,0,4402,36628
13827,/data/ggutierrez/models/13827_resized.mrc,0.0125,/data/ggutierrez/dataset/gt/13827_resized_gt.mrc,16,16,592299,592299,0,4402,38452
13827,/data/ggutierrez/models/13827_resized.mrc,0.0125,/data/ggutierrez/dataset/gt/13827_resized_gt.mrc,16,16,592299,592299,0,4402,39737
13827,/data/ggutierrez/models/13827_resized.mrc,0.0125,/data/ggutierrez/dataset/gt/13827_resized_gt.mrc,16,16,592299,592299,0,4402,35436
13827,/data/ggutierrez/models/13827_resized.mrc,0.0125,/data/ggutierrez/dataset/gt/13827_resized_gt.mrc,16,16,592299,592299,0,4402,36649
13827,/data/ggutierrez/models/13827_resized.mrc,0.0125,/data/ggutierrez/dataset/gt/13827_resized_gt.mrc,16,16,592299,592299,0,4402,38663
13827,/data/ggutierrez/models/13827_resized.mrc,0.0125,/data/ggutierrez/dataset/gt/13827_resized_gt.mrc,16,16,592299,592299,0,4402,33491
13827,/data/ggutierrez/models/13827_resized.mrc,0.0125,/data/ggutierrez/dataset/gt/13827_resized_gt.mrc,16,16,592299,592299,0,4402,36558
13827,/data/ggutierrez/models/13827_resized.mrc,0.0125,/data/ggutierrez/dataset/gt/13827_resized_gt.mrc,16,16,592299,592299,0,4402,36365
13827,/data/ggutierrez/models/13827_resized.mrc,0.0125,/data/ggutierrez/dataset/gt/13827_resized_gt.mrc,16,16,592299,592299,0,4402,39837
13827,/data/ggutierrez/models/13827_resized.mrc,0.0125,/data/ggutierrez/dataset/gt/13827_resized_gt.mrc,16,16,592299,592299,0,4402,35697
14342,/data/ggutierrez/models/14342_resized.mrc,0.79,/data/ggutierrez/dataset/gt/14342_resized_gt.mrc,6,6,43707,43707,0,77,3899
14342,/data/ggutierrez/models/14342_resized.mrc,0.79,/data/ggutierrez/dataset/gt/14342_resized_gt.mrc,6,6,43707,43707,0,77,8027
14342,/data/ggutierrez/models/14342_resized.mrc,0.79,/data/ggutierrez/dataset/gt/14342_resized_gt.mrc,6,6,43707,43707,0,77,8427
14342,/data/ggutierrez/models/14342_resized.mrc,0.79,/data/ggutierrez/dataset/gt/14342_resized_gt.mrc,6,6,43707,43707,0,77,6797
14342,/data/ggutierrez/models/14342_resized.mrc,0.79,/data/ggutierrez/dataset/gt/14342_resized_gt.mrc,6,6,43707,43707,0,77,5716
14342,/data/ggutierrez/models/14342_resized.mrc,0.79,/data/ggutierrez/dataset/gt/14342_resized_gt.mrc,6,6,43707,43707,0,77,10841
14343,/data/ggutierrez/models/14343_resized.mrc,0.79,/data/ggutierrez/dataset/gt/14343_resized_gt.mrc,6,6,85344,85344,0,484,9697
14343,/data/ggutierrez/models/14343_resized.mrc,0.79,/data/ggutierrez/dataset/gt/14343_resized_gt.mrc,6,6,85344,85344,0,484,13277
14343,/data/ggutierrez/models/14343_resized.mrc,0.79,/data/ggutierrez/dataset/gt/14343_resized_gt.mrc,6,6,85344,85344,0,484,15003
14343,/data/ggutierrez/models/14343_resized.mrc,0.79,/data/ggutierrez/dataset/gt/14343_resized_gt.mrc,6,6,85344,85344,0,484,14458
14343,/data/ggutierrez/models/14343_resized.mrc,0.79,/data/ggutierrez/dataset/gt/14343_resized_gt.mrc,6,6,85344,85344,0,484,13692
14343,/data/ggutierrez/models/14343_resized.mrc,0.79,/data/ggutierrez/dataset/gt/14343_resized_gt.mrc,6,6,85344,85344,0,484,19217
14344,/data/ggutierrez/models/14344_resized.mrc,0.79,/data/ggutierrez/dataset/gt/14344_resized_gt.mrc,6,6,79390,79390,0,449,9213
14344,/data/ggutierrez/models/14344_resized.mrc,0.79,/data/ggutierrez/dataset/gt/14344_resized_gt.mrc,6,6,79390,79390,0,449,11800
14344,/data/ggutierrez/models/14344_resized.mrc,0.79,/data/ggutierrez/dataset/gt/14344_resized_gt.mrc,6,6,79390,79390,0,449,13795
14344,/data/ggutierrez/models/14344_resized.mrc,0.79,/data/ggutierrez/dataset/gt/14344_resized_gt.mrc,6,6,79390,79390,0,449,13043
14344,/data/ggutierrez/models/14344_resized.mrc,0.79,/data/ggutierrez/dataset/gt/14344_resized_gt.mrc,6,6,79390,79390,0,449,13627
14344,/data/ggutierrez/models/14344_resized.mrc,0.79,/data/ggutierrez/dataset/gt/14344_resized_gt.mrc,6,6,79390,79390,0,449,17912
14345,/data/ggutierrez/models/14345_resized.mrc,0.79,/data/ggutierrez/dataset/gt/14345_resized_gt.mrc,6,6,83614,83614,0,343,9671
14345,/data/ggutierrez/models/14345_resized.mrc,0.79,/data/ggutierrez/dataset/gt/14345_resized_gt.mrc,6,6,83614,83614,0,343,13278
14345,/data/ggutierrez/models/14345_resized.mrc,0.79,/data/ggutierrez/dataset/gt/14345_resized_gt.mrc,6,6,83614,83614,0,343,14504
14345,/data/ggutierrez/models/14345_resized.mrc,0.79,/data/ggutierrez/dataset/gt/14345_resized_gt.mrc,6,6,83614,83614,0,343,12763
14345,/data/ggutierrez/models/14345_resized.mrc,0.79,/data/ggutierrez/dataset/gt/14345_resized_gt.mrc,6,6,83614,83614,0,343,13886
14345,/data/ggutierrez/models/14345_resized.mrc,0.79,/data/ggutierrez/dataset/gt/14345_resized_gt.mrc,6,6,83614,83614,0,343,19512
14346,/data/ggutierrez/models/14346_resized.mrc,0.79,/data/ggutierrez/dataset/gt/14346_resized_gt.mrc,6,6,83471,83471,0,7059,10495
14346,/data/ggutierrez/models/14346_resized.mrc,0.79,/data/ggutierrez/dataset/gt/14346_resized_gt.mrc,6,6,83471,83471,0,7059,14566
14346,/data/ggutierrez/models/14346_resized.mrc,0.79,/data/ggutierrez/dataset/gt/14346_resized_gt.mrc,6,6,83471,83471,0,7059,12696
14346,/data/ggutierrez/models/14346_resized.mrc,0.79,/data/ggutierrez/dataset/gt/14346_resized_gt.mrc,6,6,83471,83471,0,7059,13705
14346,/data/ggutierrez/models/14346_resized.mrc,0.79,/data/ggutierrez/dataset/gt/14346_resized_gt.mrc,6,6,83471,83471,0,7059,12362
14346,/data/ggutierrez/models/14346_resized.mrc,0.79,/data/ggutierrez/dataset/gt/14346_resized_gt.mrc,6,6,83471,83471,0,7059,19647
15221,/data/ggutierrez/models/15221_resized.mrc,1.7,/data/ggutierrez/dataset/gt/15221_resized_gt.mrc,4,4,744006,742286,1720,324053,34925
15221,/data/ggutierrez/models/15221_resized.mrc,1.7,/data/ggutierrez/dataset/gt/15221_resized_gt.mrc,4,4,744006,742286,1720,324053,332359
15221,/data/ggutierrez/models/15221_resized.mrc,1.7,/data/ggutierrez/dataset/gt/15221_resized_gt.mrc,4,4,744006,742286,1720,324053,35952
15221,/data/ggutierrez/models/15221_resized.mrc,1.7,/data/ggutierrez/dataset/gt/15221_resized_gt.mrc,4,4,744006,742286,1720,324053,339050
15575,/data/ggutierrez/models/15575_resized.mrc,0.005,/data/ggutierrez/dataset/gt/15575_resized_gt.mrc,8,8,472708,471096,1612,138804,69128
15575,/data/ggutierrez/models/15575_resized.mrc,0.005,/data/ggutierrez/dataset/gt/15575_resized_gt.mrc,8,8,472708,471096,1612,138804,71115
15575,/data/ggutierrez/models/15575_resized.mrc,0.005,/data/ggutierrez/dataset/gt/15575_resized_gt.mrc,8,8,472708,471096,1612,138804,75151
15575,/data/ggutierrez/models/15575_resized.mrc,0.005,/data/ggutierrez/dataset/gt/15575_resized_gt.mrc,8,8,472708,471096,1612,138804,91267
15575,/data/ggutierrez/models/15575_resized.mrc,0.005,/data/ggutierrez/dataset/gt/15575_resized_gt.mrc,8,8,472708,471096,1612,138804,84648
15575,/data/ggutierrez/models/15575_resized.mrc,0.005,/data/ggutierrez/dataset/gt/15575_resized_gt.mrc,8,8,472708,471096,1612,138804,68070
15575,/data/ggutierrez/models/15575_resized.mrc,0.005,/data/ggutierrez/dataset/gt/15575_resized_gt.mrc,8,8,472708,471096,1612,138804,3836
15575,/data/ggutierrez/models/15575_resized.mrc,0.005,/data/ggutierrez/dataset/gt/15575_resized_gt.mrc,8,8,472708,471096,1612,138804,7881
15668,/data/ggutierrez/models/15668_resized.mrc,0.0035,/data/ggutierrez/dataset/gt/15668_resized_gt.mrc,2,2,633131,632316,815,120414,318066
15668,/data/ggutierrez/models/15668_resized.mrc,0.0035,/data/ggutierrez/dataset/gt/15668_resized_gt.mrc,2,2,633131,632316,815,120414,314250
16914,/data/ggutierrez/models/16914_resized.mrc,0.27,/data/ggutierrez/dataset/gt/16914_resized_gt.mrc,4,4,30352,30352,0,900,7286
16914,/data/ggutierrez/models/16914_resized.mrc,0.27,/data/ggutierrez/dataset/gt/16914_resized_gt.mrc,4,4,30352,30352,0,900,7592
16914,/data/ggutierrez/models/16914_resized.mrc,0.27,/data/ggutierrez/dataset/gt/16914_resized_gt.mrc,4,4,30352,30352,0,900,7592
16914,/data/ggutierrez/models/16914_resized.mrc,0.27,/data/ggutierrez/dataset/gt/16914_resized_gt.mrc,4,4,30352,30352,0,900,7882
20437,/data/ggutierrez/models/20437_resized.mrc,0.0145,/data/ggutierrez/dataset/gt/20437_resized_gt.mrc,12,12,173406,172437,969,8872,14272
20437,/data/ggutierrez/models/20437_resized.mrc,0.0145,/data/ggutierrez/dataset/gt/20437_resized_gt.mrc,12,12,173406,172437,969,8872,14258
20437,/data/ggutierrez/models/20437_resized.mrc,0.0145,/data/ggutierrez/dataset/gt/20437_resized_gt.mrc,12,12,173406,172437,969,8872,14393
20437,/data/ggutierrez/models/20437_resized.mrc,0.0145,/data/ggutierrez/dataset/gt/20437_resized_gt.mrc,12,12,173406,172437,969,8872,14409
20437,/data/ggutierrez/models/20437_resized.mrc,0.0145,/data/ggutierrez/dataset/gt/20437_resized_gt.mrc,12,12,173406,172437,969,8872,14429
20437,/data/ggutierrez/models/20437_resized.mrc,0.0145,/data/ggutierrez/dataset/gt/20437_resized_gt.mrc,12,12,173406,172437,969,8872,14419
20437,/data/ggutierrez/models/20437_resized.mrc,0.0145,/data/ggutierrez/dataset/gt/20437_resized_gt.mrc,12,12,173406,172437,969,8872,14270
20437,/data/ggutierrez/models/20437_resized.mrc,0.0145,/data/ggutierrez/dataset/gt/20437_resized_gt.mrc,12,12,173406,172437,969,8872,14428
20437,/data/ggutierrez/models/20437_resized.mrc,0.0145,/data/ggutierrez/dataset/gt/20437_resized_gt.mrc,12,12,173406,172437,969,8872,14412
20437,/data/ggutierrez/models/20437_resized.mrc,0.0145,/data/ggutierrez/dataset/gt/20437_resized_gt.mrc,12,12,173406,172437,969,8872,14332
20437,/data/ggutierrez/models/20437_resized.mrc,0.0145,/data/ggutierrez/dataset/gt/20437_resized_gt.mrc,12,12,173406,172437,969,8872,14344
20437,/data/ggutierrez/models/20437_resized.mrc,0.0145,/data/ggutierrez/dataset/gt/20437_resized_gt.mrc,12,12,173406,172437,969,8872,14471
20495,/data/ggutierrez/models/20495_resized.mrc,0.0148,/data/ggutierrez/dataset/gt/20495_resized_gt.mrc,4,4,176542,173263,3279,22966,43127
20495,/data/ggutierrez/models/20495_resized.mrc,0.0148,/data/ggutierrez/dataset/gt/20495_resized_gt.mrc,4,4,176542,173263,3279,22966,43383
20495,/data/ggutierrez/models/20495_resized.mrc,0.0148,/data/ggutierrez/dataset/gt/20495_resized_gt.mrc,4,4,176542,173263,3279,22966,43436
20495,/data/ggutierrez/models/20495_resized.mrc,0.0148,/data/ggutierrez/dataset/gt/20495_resized_gt.mrc,4,4,176542,173263,3279,22966,43317
20613,/data/ggutierrez/models/20613_resized.mrc,0.009,/data/ggutierrez/dataset/gt/20613_resized_gt.mrc,8,8,231950,230804,1146,28615,25900
20613,/data/ggutierrez/models/20613_resized.mrc,0.009,/data/ggutierrez/dataset/gt/20613_resized_gt.mrc,8,8,231950,230804,1146,28615,29222
20613,/data/ggutierrez/models/20613_resized.mrc,0.009,/data/ggutierrez/dataset/gt/20613_resized_gt.mrc,8,8,231950,230804,1146,28615,29639
20613,/data/ggutierrez/models/20613_resized.mrc,0.009,/data/ggutierrez/dataset/gt/20613_resized_gt.mrc,8,8,231950,230804,1146,28615,29465
20613,/data/ggutierrez/models/20613_resized.mrc,0.009,/data/ggutierrez/dataset/gt/20613_resized_gt.mrc,8,8,231950,230804,1146,28615,29001
20613,/data/ggutierrez/models/20613_resized.mrc,0.009,/data/ggutierrez/dataset/gt/20613_resized_gt.mrc,8,8,231950,230804,1146,28615,28509
20613,/data/ggutierrez/models/20613_resized.mrc,0.009,/data/ggutierrez/dataset/gt/20613_resized_gt.mrc,8,8,231950,230804,1146,28615,28248
20613,/data/ggutierrez/models/20613_resized.mrc,0.009,/data/ggutierrez/dataset/gt/20613_resized_gt.mrc,8,8,231950,230804,1146,28615,30820
20664,/data/ggutierrez/models/20664_resized.mrc,0.008,/data/ggutierrez/dataset/gt/20664_resized_gt.mrc,8,8,177986,177986,0,39692,25676
20664,/data/ggutierrez/models/20664_resized.mrc,0.008,/data/ggutierrez/dataset/gt/20664_resized_gt.mrc,8,8,177986,177986,0,39692,25496
20664,/data/ggutierrez/models/20664_resized.mrc,0.008,/data/ggutierrez/dataset/gt/20664_resized_gt.mrc,8,8,177986,177986,0,39692,26856
20664,/data/ggutierrez/models/20664_resized.mrc,0.008,/data/ggutierrez/dataset/gt/20664_resized_gt.mrc,8,8,177986,177986,0,39692,24333
20664,/data/ggutierrez/models/20664_resized.mrc,0.008,/data/ggutierrez/dataset/gt/20664_resized_gt.mrc,8,8,177986,177986,0,39692,19180
20664,/data/ggutierrez/models/20664_resized.mrc,0.008,/data/ggutierrez/dataset/gt/20664_resized_gt.mrc,8,8,177986,177986,0,39692,19202
20664,/data/ggutierrez/models/20664_resized.mrc,0.008,/data/ggutierrez/dataset/gt/20664_resized_gt.mrc,8,8,177986,177986,0,39692,18498
20664,/data/ggutierrez/models/20664_resized.mrc,0.008,/data/ggutierrez/dataset/gt/20664_resized_gt.mrc,8,8,177986,177986,0,39692,18745
20665,/data/ggutierrez/models/20665_resized.mrc,0.008,/data/ggutierrez/dataset/gt/20665_resized_gt.mrc,8,8,177537,177537,0,77059,25358
20665,/data/ggutierrez/models/20665_resized.mrc,0.008,/data/ggutierrez/dataset/gt/20665_resized_gt.mrc,8,8,177537,177537,0,77059,25078
20665,/data/ggutierrez/models/20665_resized.mrc,0.008,/data/ggutierrez/dataset/gt/20665_resized_gt.mrc,8,8,177537,177537,0,77059,24683
20665,/data/ggutierrez/models/20665_resized.mrc,0.008,/data/ggutierrez/dataset/gt/20665_resized_gt.mrc,8,8,177537,177537,0,77059,25304
20665,/data/ggutierrez/models/20665_resized.mrc,0.008,/data/ggutierrez/dataset/gt/20665_resized_gt.mrc,8,8,177537,177537,0,77059,19179
20665,/data/ggutierrez/models/20665_resized.mrc,0.008,/data/ggutierrez/dataset/gt/20665_resized_gt.mrc,8,8,177537,177537,0,77059,19003
20665,/data/ggutierrez/models/20665_resized.mrc,0.008,/data/ggutierrez/dataset/gt/20665_resized_gt.mrc,8,8,177537,177537,0,77059,19582
20665,/data/ggutierrez/models/20665_resized.mrc,0.008,/data/ggutierrez/dataset/gt/20665_resized_gt.mrc,8,8,177537,177537,0,77059,19350
20689,/data/ggutierrez/models/20689_resized.mrc,0.009,/data/ggutierrez/dataset/gt/20689_resized_gt.mrc,16,16,257820,257144,676,85285,29246
20689,/data/ggutierrez/models/20689_resized.mrc,0.009,/data/ggutierrez/dataset/gt/20689_resized_gt.mrc,16,16,257820,257144,676,85285,25333
20689,/data/ggutierrez/models/20689_resized.mrc,0.009,/data/ggutierrez/dataset/gt/20689_resized_gt.mrc,16,16,257820,257144,676,85285,15120
20689,/data/ggutierrez/models/20689_resized.mrc,0.009,/data/ggutierrez/dataset/gt/20689_resized_gt.mrc,16,16,257820,257144,676,85285,15221
20689,/data/ggutierrez/models/20689_resized.mrc,0.009,/data/ggutierrez/dataset/gt/20689_resized_gt.mrc,16,16,257820,257144,676,85285,10545
20689,/data/ggutierrez/models/20689_resized.mrc,0.009,/data/ggutierrez/dataset/gt/20689_resized_gt.mrc,16,16,257820,257144,676,85285,2286
20689,/data/ggutierrez/models/20689_resized.mrc,0.009,/data/ggutierrez/dataset/gt/20689_resized_gt.mrc,16,16,257820,257144,676,85285,2009
20689,/data/ggutierrez/models/20689_resized.mrc,0.009,/data/ggutierrez/dataset/gt/20689_resized_gt.mrc,16,16,257820,257144,676,85285,10811
20689,/data/ggutierrez/models/20689_resized.mrc,0.009,/data/ggutierrez/dataset/gt/20689_resized_gt.mrc,16,16,257820,257144,676,85285,29306
20689,/data/ggutierrez/models/20689_resized.mrc,0.009,/data/ggutierrez/dataset/gt/20689_resized_gt.mrc,16,16,257820,257144,676,85285,8598
20689,/data/ggutierrez/models/20689_resized.mrc,0.009,/data/ggutierrez/dataset/gt/20689_resized_gt.mrc,16,16,257820,257144,676,85285,8680
20689,/data/ggutierrez/models/20689_resized.mrc,0.009,/data/ggutierrez/dataset/gt/20689_resized_gt.mrc,16,16,257820,257144,676,85285,29013
20689,/data/ggutierrez/models/20689_resized.mrc,0.009,/data/ggutierrez/dataset/gt/20689_resized_gt.mrc,16,16,257820,257144,676,85285,28718
20689,/data/ggutierrez/models/20689_resized.mrc,0.009,/data/ggutierrez/dataset/gt/20689_resized_gt.mrc,16,16,257820,257144,676,85285,8788
20689,/data/ggutierrez/models/20689_resized.mrc,0.009,/data/ggutierrez/dataset/gt/20689_resized_gt.mrc,16,16,257820,257144,676,85285,8437
20689,/data/ggutierrez/models/20689_resized.mrc,0.009,/data/ggutierrez/dataset/gt/20689_resized_gt.mrc,16,16,257820,257144,676,85285,25033
20916,/data/ggutierrez/models/20916_resized.mrc,0.00568,/data/ggutierrez/dataset/gt/20916_resized_gt.mrc,12,12,259015,258903,112,68977,21529
20916,/data/ggutierrez/models/20916_resized.mrc,0.00568,/data/ggutierrez/dataset/gt/20916_resized_gt.mrc,12,12,259015,258903,112,68977,22507
20916,/data/ggutierrez/models/20916_resized.mrc,0.00568,/data/ggutierrez/dataset/gt/20916_resized_gt.mrc,12,12,259015,258903,112,68977,21803
20916,/data/ggutierrez/models/20916_resized.mrc,0.00568,/data/ggutierrez/dataset/gt/20916_resized_gt.mrc,12,12,259015,258903,112,68977,21879
20916,/data/ggutierrez/models/20916_resized.mrc,0.00568,/data/ggutierrez/dataset/gt/20916_resized_gt.mrc,12,12,259015,258903,112,68977,20879
20916,/data/ggutierrez/models/20916_resized.mrc,0.00568,/data/ggutierrez/dataset/gt/20916_resized_gt.mrc,12,12,259015,258903,112,68977,21865
20916,/data/ggutierrez/models/20916_resized.mrc,0.00568,/data/ggutierrez/dataset/gt/20916_resized_gt.mrc,12,12,259015,258903,112,68977,21836
20916,/data/ggutierrez/models/20916_resized.mrc,0.00568,/data/ggutierrez/dataset/gt/20916_resized_gt.mrc,12,12,259015,258903,112,68977,20730
20916,/data/ggutierrez/models/20916_resized.mrc,0.00568,/data/ggutierrez/dataset/gt/20916_resized_gt.mrc,12,12,259015,258903,112,68977,21461
20916,/data/ggutierrez/models/20916_resized.mrc,0.00568,/data/ggutierrez/dataset/gt/20916_resized_gt.mrc,12,12,259015,258903,112,68977,21412
20916,/data/ggutierrez/models/20916_resized.mrc,0.00568,/data/ggutierrez/dataset/gt/20916_resized_gt.mrc,12,12,259015,258903,112,68977,21333
20916,/data/ggutierrez/models/20916_resized.mrc,0.00568,/data/ggutierrez/dataset/gt/20916_resized_gt.mrc,12,12,259015,258903,112,68977,21669
20930,/data/ggutierrez/models/20930_resized.mrc,0.004,/data/ggutierrez/dataset/gt/20930_resized_gt.mrc,8,8,239464,239464,0,58350,36494
20930,/data/ggutierrez/models/20930_resized.mrc,0.004,/data/ggutierrez/dataset/gt/20930_resized_gt.mrc,8,8,239464,239464,0,58350,23226
20930,/data/ggutierrez/models/20930_resized.mrc,0.004,/data/ggutierrez/dataset/gt/20930_resized_gt.mrc,8,8,239464,239464,0,58350,35671
20930,/data/ggutierrez/models/20930_resized.mrc,0.004,/data/ggutierrez/dataset/gt/20930_resized_gt.mrc,8,8,239464,239464,0,58350,23932
20930,/data/ggutierrez/models/20930_resized.mrc,0.004,/data/ggutierrez/dataset/gt/20930_resized_gt.mrc,8,8,239464,239464,0,58350,37260
20930,/data/ggutierrez/models/20930_resized.mrc,0.004,/data/ggutierrez/dataset/gt/20930_resized_gt.mrc,8,8,239464,239464,0,58350,23191
20930,/data/ggutierrez/models/20930_resized.mrc,0.004,/data/ggutierrez/dataset/gt/20930_resized_gt.mrc,8,8,239464,239464,0,58350,36354
20930,/data/ggutierrez/models/20930_resized.mrc,0.004,/data/ggutierrez/dataset/gt/20930_resized_gt.mrc,8,8,239464,239464,0,58350,23336
20931,/data/ggutierrez/models/20931_resized.mrc,0.005,/data/ggutierrez/dataset/gt/20931_resized_gt.mrc,8,8,205972,205972,0,132559,29664
20931,/data/ggutierrez/models/20931_resized.mrc,0.005,/data/ggutierrez/dataset/gt/20931_resized_gt.mrc,8,8,205972,205972,0,132559,21769
20931,/data/ggutierrez/models/20931_resized.mrc,0.005,/data/ggutierrez/dataset/gt/20931_resized_gt.mrc,8,8,205972,205972,0,132559,29129
20931,/data/ggutierrez/models/20931_resized.mrc,0.005,/data/ggutierrez/dataset/gt/20931_resized_gt.mrc,8,8,205972,205972,0,132559,22513
20931,/data/ggutierrez/models/20931_resized.mrc,0.005,/data/ggutierrez/dataset/gt/20931_resized_gt.mrc,8,8,205972,205972,0,132559,30927
20931,/data/ggutierrez/models/20931_resized.mrc,0.005,/data/ggutierrez/dataset/gt/20931_resized_gt.mrc,8,8,205972,205972,0,132559,21639
20931,/data/ggutierrez/models/20931_resized.mrc,0.005,/data/ggutierrez/dataset/gt/20931_resized_gt.mrc,8,8,205972,205972,0,132559,28786
20931,/data/ggutierrez/models/20931_resized.mrc,0.005,/data/ggutierrez/dataset/gt/20931_resized_gt.mrc,8,8,205972,205972,0,132559,21545
20932,/data/ggutierrez/models/20932_resized.mrc,0.006,/data/ggutierrez/dataset/gt/20932_resized_gt.mrc,8,8,190573,190573,0,74724,27776
20932,/data/ggutierrez/models/20932_resized.mrc,0.006,/data/ggutierrez/dataset/gt/20932_resized_gt.mrc,8,8,190573,190573,0,74724,19364
20932,/data/ggutierrez/models/20932_resized.mrc,0.006,/data/ggutierrez/dataset/gt/20932_resized_gt.mrc,8,8,190573,190573,0,74724,27742
20932,/data/ggutierrez/models/20932_resized.mrc,0.006,/data/ggutierrez/dataset/gt/20932_resized_gt.mrc,8,8,190573,190573,0,74724,19941
20932,/data/ggutierrez/models/20932_resized.mrc,0.006,/data/ggutierrez/dataset/gt/20932_resized_gt.mrc,8,8,190573,190573,0,74724,27694
20932,/data/ggutierrez/models/20932_resized.mrc,0.006,/data/ggutierrez/dataset/gt/20932_resized_gt.mrc,8,8,190573,190573,0,74724,19687
20932,/data/ggutierrez/models/20932_resized.mrc,0.006,/data/ggutierrez/dataset/gt/20932_resized_gt.mrc,8,8,190573,190573,0,74724,28588
20932,/data/ggutierrez/models/20932_resized.mrc,0.006,/data/ggutierrez/dataset/gt/20932_resized_gt.mrc,8,8,190573,190573,0,74724,19781
21151,/data/ggutierrez/models/21151_resized.mrc,0.009,/data/ggutierrez/dataset/gt/21151_resized_gt.mrc,12,12,170605,170598,7,77431,26886
21151,/data/ggutierrez/models/21151_resized.mrc,0.009,/data/ggutierrez/dataset/gt/21151_resized_gt.mrc,12,12,170605,170598,7,77431,6698
21151,/data/ggutierrez/models/21151_resized.mrc,0.009,/data/ggutierrez/dataset/gt/21151_resized_gt.mrc,12,12,170605,170598,7,77431,5880
21151,/data/ggutierrez/models/21151_resized.mrc,0.009,/data/ggutierrez/dataset/gt/21151_resized_gt.mrc,12,12,170605,170598,7,77431,5065
21151,/data/ggutierrez/models/21151_resized.mrc,0.009,/data/ggutierrez/dataset/gt/21151_resized_gt.mrc,12,12,170605,170598,7,77431,30902
21151,/data/ggutierrez/models/21151_resized.mrc,0.009,/data/ggutierrez/dataset/gt/21151_resized_gt.mrc,12,12,170605,170598,7,77431,27801
21151,/data/ggutierrez/models/21151_resized.mrc,0.009,/data/ggutierrez/dataset/gt/21151_resized_gt.mrc,12,12,170605,170598,7,77431,27872
21151,/data/ggutierrez/models/21151_resized.mrc,0.009,/data/ggutierrez/dataset/gt/21151_resized_gt.mrc,12,12,170605,170598,7,77431,8687
21151,/data/ggutierrez/models/21151_resized.mrc,0.009,/data/ggutierrez/dataset/gt/21151_resized_gt.mrc,12,12,170605,170598,7,77431,7691
21151,/data/ggutierrez/models/21151_resized.mrc,0.009,/data/ggutierrez/dataset/gt/21151_resized_gt.mrc,12,12,170605,170598,7,77431,9167
21151,/data/ggutierrez/models/21151_resized.mrc,0.009,/data/ggutierrez/dataset/gt/21151_resized_gt.mrc,12,12,170605,170598,7,77431,6750
21151,/data/ggutierrez/models/21151_resized.mrc,0.009,/data/ggutierrez/dataset/gt/21151_resized_gt.mrc,12,12,170605,170598,7,77431,7199
21454,/data/ggutierrez/models/21454_resized.mrc,0.0166,/data/ggutierrez/dataset/gt/21454_resized_gt.mrc,4,4,139891,139891,0,21361,34579
21454,/data/ggutierrez/models/21454_resized.mrc,0.0166,/data/ggutierrez/dataset/gt/21454_resized_gt.mrc,4,4,139891,139891,0,21361,35098
21454,/data/ggutierrez/models/21454_resized.mrc,0.0166,/data/ggutierrez/dataset/gt/21454_resized_gt.mrc,4,4,139891,139891,0,21361,35136
21454,/data/ggutierrez/models/21454_resized.mrc,0.0166,/data/ggutierrez/dataset/gt/21454_resized_gt.mrc,4,4,139891,139891,0,21361,35078
21661,/data/ggutierrez/models/21661_resized.mrc,0.25,/data/ggutierrez/dataset/gt/21661_resized_gt.mrc,8,8,212179,210362,1817,52091,10086
21661,/data/ggutierrez/models/21661_resized.mrc,0.25,/data/ggutierrez/dataset/gt/21661_resized_gt.mrc,8,8,212179,210362,1817,52091,10222
21661,/data/ggutierrez/models/21661_resized.mrc,0.25,/data/ggutierrez/dataset/gt/21661_resized_gt.mrc,8,8,212179,210362,1817,52091,24638
21661,/data/ggutierrez/models/21661_resized.mrc,0.25,/data/ggutierrez/dataset/gt/21661_resized_gt.mrc,8,8,212179,210362,1817,52091,30953
21661,/data/ggutierrez/models/21661_resized.mrc,0.25,/data/ggutierrez/dataset/gt/21661_resized_gt.mrc,8,8,212179,210362,1817,52091,23655
21661,/data/ggutierrez/models/21661_resized.mrc,0.25,/data/ggutierrez/dataset/gt/21661_resized_gt.mrc,8,8,212179,210362,1817,52091,39055
21661,/data/ggutierrez/models/21661_resized.mrc,0.25,/data/ggutierrez/dataset/gt/21661_resized_gt.mrc,8,8,212179,210362,1817,52091,42662
21661,/data/ggutierrez/models/21661_resized.mrc,0.25,/data/ggutierrez/dataset/gt/21661_resized_gt.mrc,8,8,212179,210362,1817,52091,29091
21693,/data/ggutierrez/models/21693_resized.mrc,0.678,/data/ggutierrez/dataset/gt/21693_resized_gt.mrc,4,4,64113,64113,0,1144,20401
21693,/data/ggutierrez/models/21693_resized.mrc,0.678,/data/ggutierrez/dataset/gt/21693_resized_gt.mrc,4,4,64113,64113,0,1144,20526
21693,/data/ggutierrez/models/21693_resized.mrc,0.678,/data/ggutierrez/dataset/gt/21693_resized_gt.mrc,4,4,64113,64113,0,1144,11385
21693,/data/ggutierrez/models/21693_resized.mrc,0.678,/data/ggutierrez/dataset/gt/21693_resized_gt.mrc,4,4,64113,64113,0,1144,11801
22115,/data/ggutierrez/models/22115_resized.mrc,0.0025,/data/ggutierrez/dataset/gt/22115_resized_gt.mrc,16,16,1635381,1634215,1166,527579,8673
22115,/data/ggutierrez/models/22115_resized.mrc,0.0025,/data/ggutierrez/dataset/gt/22115_resized_gt.mrc,16,16,1635381,1634215,1166,527579,68883
22115,/data/ggutierrez/models/22115_resized.mrc,0.0025,/data/ggutierrez/dataset/gt/22115_resized_gt.mrc,16,16,1635381,1634215,1166,527579,83775
22115,/data/ggutierrez/models/22115_resized.mrc,0.0025,/data/ggutierrez/dataset/gt/22115_resized_gt.mrc,16,16,1635381,1634215,1166,527579,82950
22115,/data/ggutierrez/models/22115_resized.mrc,0.0025,/data/ggutierrez/dataset/gt/22115_resized_gt.mrc,16,16,1635381,1634215,1166,527579,77687
22115,/data/ggutierrez/models/22115_resized.mrc,0.0025,/data/ggutierrez/dataset/gt/22115_resized_gt.mrc,16,16,1635381,1634215,1166,527579,129893
22115,/data/ggutierrez/models/22115_resized.mrc,0.0025,/data/ggutierrez/dataset/gt/22115_resized_gt.mrc,16,16,1635381,1634215,1166,527579,139378
22115,/data/ggutierrez/models/22115_resized.mrc,0.0025,/data/ggutierrez/dataset/gt/22115_resized_gt.mrc,16,16,1635381,1634215,1166,527579,111157
22115,/data/ggutierrez/models/22115_resized.mrc,0.0025,/data/ggutierrez/dataset/gt/22115_resized_gt.mrc,16,16,1635381,1634215,1166,527579,16224
22115,/data/ggutierrez/models/22115_resized.mrc,0.0025,/data/ggutierrez/dataset/gt/22115_resized_gt.mrc,16,16,1635381,1634215,1166,527579,15591
22115,/data/ggutierrez/models/22115_resized.mrc,0.0025,/data/ggutierrez/dataset/gt/22115_resized_gt.mrc,16,16,1635381,1634215,1166,527579,6272
22115,/data/ggutierrez/models/22115_resized.mrc,0.0025,/data/ggutierrez/dataset/gt/22115_resized_gt.mrc,16,16,1635381,1634215,1166,527579,25270
22115,/data/ggutierrez/models/22115_resized.mrc,0.0025,/data/ggutierrez/dataset/gt/22115_resized_gt.mrc,16,16,1635381,1634215,1166,527579,101184
22115,/data/ggutierrez/models/22115_resized.mrc,0.0025,/data/ggutierrez/dataset/gt/22115_resized_gt.mrc,16,16,1635381,1634215,1166,527579,89724
22115,/data/ggutierrez/models/22115_resized.mrc,0.0025,/data/ggutierrez/dataset/gt/22115_resized_gt.mrc,16,16,1635381,1634215,1166,527579,262403
22115,/data/ggutierrez/models/22115_resized.mrc,0.0025,/data/ggutierrez/dataset/gt/22115_resized_gt.mrc,16,16,1635381,1634215,1166,527579,415151
22206,/data/ggutierrez/models/22206_resized.mrc,0.0053,/data/ggutierrez/dataset/gt/22206_resized_gt.mrc,12,12,294615,294615,0,69026,12133
22206,/data/ggutierrez/models/22206_resized.mrc,0.0053,/data/ggutierrez/dataset/gt/22206_resized_gt.mrc,12,12,294615,294615,0,69026,69162
22206,/data/ggutierrez/models/22206_resized.mrc,0.0053,/data/ggutierrez/dataset/gt/22206_resized_gt.mrc,12,12,294615,294615,0,69026,27622
22206,/data/ggutierrez/models/22206_resized.mrc,0.0053,/data/ggutierrez/dataset/gt/22206_resized_gt.mrc,12,12,294615,294615,0,69026,47551
22206,/data/ggutierrez/models/22206_resized.mrc,0.0053,/data/ggutierrez/dataset/gt/22206_resized_gt.mrc,12,12,294615,294615,0,69026,12872
22206,/data/ggutierrez/models/22206_resized.mrc,0.0053,/data/ggutierrez/dataset/gt/22206_resized_gt.mrc,12,12,294615,294615,0,69026,13158
22206,/data/ggutierrez/models/22206_resized.mrc,0.0053,/data/ggutierrez/dataset/gt/22206_resized_gt.mrc,12,12,294615,294615,0,69026,13034
22206,/data/ggutierrez/models/22206_resized.mrc,0.0053,/data/ggutierrez/dataset/gt/22206_resized_gt.mrc,12,12,294615,294615,0,69026,11723
22206,/data/ggutierrez/models/22206_resized.mrc,0.0053,/data/ggutierrez/dataset/gt/22206_resized_gt.mrc,12,12,294615,294615,0,69026,8515
22206,/data/ggutierrez/models/22206_resized.mrc,0.0053,/data/ggutierrez/dataset/gt/22206_resized_gt.mrc,12,12,294615,294615,0,69026,10097
22206,/data/ggutierrez/models/22206_resized.mrc,0.0053,/data/ggutierrez/dataset/gt/22206_resized_gt.mrc,12,12,294615,294615,0,69026,12262
22206,/data/ggutierrez/models/22206_resized.mrc,0.0053,/data/ggutierrez/dataset/gt/22206_resized_gt.mrc,12,12,294615,294615,0,69026,56486
22423,/data/ggutierrez/models/22423_resized.mrc,0.009,/data/ggutierrez/dataset/gt/22423_resized_gt.mrc,4,4,581684,581566,118,193117,144916
22423,/data/ggutierrez/models/22423_resized.mrc,0.009,/data/ggutierrez/dataset/gt/22423_resized_gt.mrc,4,4,581684,581566,118,193117,144330
22423,/data/ggutierrez/models/22423_resized.mrc,0.009,/data/ggutierrez/dataset/gt/22423_resized_gt.mrc,4,4,581684,581566,118,193117,145959
22423,/data/ggutierrez/models/22423_resized.mrc,0.009,/data/ggutierrez/dataset/gt/22423_resized_gt.mrc,4,4,581684,581566,118,193117,146361
22754,/data/ggutierrez/models/22754_resized.mrc,0.0247,/data/ggutierrez/dataset/gt/22754_resized_gt.mrc,4,4,59158,59157,1,2134,14591
22754,/data/ggutierrez/models/22754_resized.mrc,0.0247,/data/ggutierrez/dataset/gt/22754_resized_gt.mrc,4,4,59158,59157,1,2134,14736
22754,/data/ggutierrez/models/22754_resized.mrc,0.0247,/data/ggutierrez/dataset/gt/22754_resized_gt.mrc,4,4,59158,59157,1,2134,14906
22754,/data/ggutierrez/models/22754_resized.mrc,0.0247,/data/ggutierrez/dataset/gt/22754_resized_gt.mrc,4,4,59158,59157,1,2134,14924
23014,/data/ggutierrez/models/23014_resized.mrc,0.367,/data/ggutierrez/dataset/gt/23014_resized_gt.mrc,4,4,235184,231354,3830,70277,54158
23014,/data/ggutierrez/models/23014_resized.mrc,0.367,/data/ggutierrez/dataset/gt/23014_resized_gt.mrc,4,4,235184,231354,3830,70277,58536
23014,/data/ggutierrez/models/23014_resized.mrc,0.367,/data/ggutierrez/dataset/gt/23014_resized_gt.mrc,4,4,235184,231354,3830,70277,59199
23014,/data/ggutierrez/models/23014_resized.mrc,0.367,/data/ggutierrez/dataset/gt/23014_resized_gt.mrc,4,4,235184,231354,3830,70277,59461
23064,/data/ggutierrez/models/23064_resized.mrc,0.24,/data/ggutierrez/dataset/gt/23064_resized_gt.mrc,9,9,669995,669409,586,206746,167419
23064,/data/ggutierrez/models/23064_resized.mrc,0.24,/data/ggutierrez/dataset/gt/23064_resized_gt.mrc,9,9,669995,669409,586,206746,178880
23064,/data/ggutierrez/models/23064_resized.mrc,0.24,/data/ggutierrez/dataset/gt/23064_resized_gt.mrc,9,9,669995,669409,586,206746,148387
23064,/data/ggutierrez/models/23064_resized.mrc,0.24,/data/ggutierrez/dataset/gt/23064_resized_gt.mrc,9,9,669995,669409,586,206746,41136
23064,/data/ggutierrez/models/23064_resized.mrc,0.24,/data/ggutierrez/dataset/gt/23064_resized_gt.mrc,9,9,669995,669409,586,206746,26073
23064,/data/ggutierrez/models/23064_resized.mrc,0.24,/data/ggutierrez/dataset/gt/23064_resized_gt.mrc,9,9,669995,669409,586,206746,27592
23064,/data/ggutierrez/models/23064_resized.mrc,0.24,/data/ggutierrez/dataset/gt/23064_resized_gt.mrc,9,9,669995,669409,586,206746,40857
23064,/data/ggutierrez/models/23064_resized.mrc,0.24,/data/ggutierrez/dataset/gt/23064_resized_gt.mrc,9,9,669995,669409,586,206746,18416
23064,/data/ggutierrez/models/23064_resized.mrc,0.24,/data/ggutierrez/dataset/gt/23064_resized_gt.mrc,9,9,669995,669409,586,206746,20649
23530,/data/ggutierrez/models/23530_resized.mrc,5.06,/data/ggutierrez/dataset/gt/23530_resized_gt.mrc,8,8,197905,192360,5545,110617,21115
23530,/data/ggutierrez/models/23530_resized.mrc,5.06,/data/ggutierrez/dataset/gt/23530_resized_gt.mrc,8,8,197905,192360,5545,110617,18559
23530,/data/ggutierrez/models/23530_resized.mrc,5.06,/data/ggutierrez/dataset/gt/23530_resized_gt.mrc,8,8,197905,192360,5545,110617,14696
23530,/data/ggutierrez/models/23530_resized.mrc,5.06,/data/ggutierrez/dataset/gt/23530_resized_gt.mrc,8,8,197905,192360,5545,110617,14841
23530,/data/ggutierrez/models/23530_resized.mrc,5.06,/data/ggutierrez/dataset/gt/23530_resized_gt.mrc,8,8,197905,192360,5545,110617,20324
23530,/data/ggutierrez/models/23530_resized.mrc,5.06,/data/ggutierrez/dataset/gt/23530_resized_gt.mrc,8,8,197905,192360,5545,110617,19752
23530,/data/ggutierrez/models/23530_resized.mrc,5.06,/data/ggutierrez/dataset/gt/23530_resized_gt.mrc,8,8,197905,192360,5545,110617,40678
23530,/data/ggutierrez/models/23530_resized.mrc,5.06,/data/ggutierrez/dataset/gt/23530_resized_gt.mrc,8,8,197905,192360,5545,110617,42395
2387,/data/ggutierrez/models/2387_resized.mrc,46.2,/data/ggutierrez/dataset/gt/2387_resized_gt.mrc,2,2,29352,29296,56,5613,14638
2387,/data/ggutierrez/models/2387_resized.mrc,46.2,/data/ggutierrez/dataset/gt/2387_resized_gt.mrc,2,2,29352,29296,56,5613,14658
24425,/data/ggutierrez/models/24425_resized.mrc,0.26,/data/ggutierrez/dataset/gt/24425_resized_gt.mrc,3,3,138353,134963,3390,5552,44355
24425,/data/ggutierrez/models/24425_resized.mrc,0.26,/data/ggutierrez/dataset/gt/24425_resized_gt.mrc,3,3,138353,134963,3390,5552,45545
24425,/data/ggutierrez/models/24425_resized.mrc,0.26,/data/ggutierrez/dataset/gt/24425_resized_gt.mrc,3,3,138353,134963,3390,5552,45063
24566,/data/ggutierrez/models/24566_resized.mrc,0.355,/data/ggutierrez/dataset/gt/24566_resized_gt.mrc,12,12,328724,328724,0,1843,6236
24566,/data/ggutierrez/models/24566_resized.mrc,0.355,/data/ggutierrez/dataset/gt/24566_resized_gt.mrc,12,12,328724,328724,0,1843,42138
24566,/data/ggutierrez/models/24566_resized.mrc,0.355,/data/ggutierrez/dataset/gt/24566_resized_gt.mrc,12,12,328724,328724,0,1843,43060
24566,/data/ggutierrez/models/24566_resized.mrc,0.355,/data/ggutierrez/dataset/gt/24566_resized_gt.mrc,12,12,328724,328724,0,1843,44632
24566,/data/ggutierrez/models/24566_resized.mrc,0.355,/data/ggutierrez/dataset/gt/24566_resized_gt.mrc,12,12,328724,328724,0,1843,5969
24566,/data/ggutierrez/models/24566_resized.mrc,0.355,/data/ggutierrez/dataset/gt/24566_resized_gt.mrc,12,12,328724,328724,0,1843,32614
24566,/data/ggutierrez/models/24566_resized.mrc,0.355,/data/ggutierrez/dataset/gt/24566_resized_gt.mrc,12,12,328724,328724,0,1843,33190
24566,/data/ggutierrez/models/24566_resized.mrc,0.355,/data/ggutierrez/dataset/gt/24566_resized_gt.mrc,12,12,328724,328724,0,1843,31588
24566,/data/ggutierrez/models/24566_resized.mrc,0.355,/data/ggutierrez/dataset/gt/24566_resized_gt.mrc,12,12,328724,328724,0,1843,32478
24566,/data/ggutierrez/models/24566_resized.mrc,0.355,/data/ggutierrez/dataset/gt/24566_resized_gt.mrc,12,12,328724,328724,0,1843,7212
24566,/data/ggutierrez/models/24566_resized.mrc,0.355,/data/ggutierrez/dataset/gt/24566_resized_gt.mrc,12,12,328724,328724,0,1843,6662
24566,/data/ggutierrez/models/24566_resized.mrc,0.355,/data/ggutierrez/dataset/gt/24566_resized_gt.mrc,12,12,328724,328724,0,1843,42945
24575,/data/ggutierrez/models/24575_resized.mrc,0.3,/data/ggutierrez/dataset/gt/24575_resized_gt.mrc,28,28,2255176,1683710,571466,213497,79235
24575,/data/ggutierrez/models/24575_resized.mrc,0.3,/data/ggutierrez/dataset/gt/24575_resized_gt.mrc,28,28,2255176,1683710,571466,213497,50225
24575,/data/ggutierrez/models/24575_resized.mrc,0.3,/data/ggutierrez/dataset/gt/24575_resized_gt.mrc,28,28,2255176,1683710,571466,213497,56192
24575,/data/ggutierrez/models/24575_resized.mrc,0.3,/data/ggutierrez/dataset/gt/24575_resized_gt.mrc,28,28,2255176,1683710,571466,213497,58552
24575,/data/ggutierrez/models/24575_resized.mrc,0.3,/data/ggutierrez/dataset/gt/24575_resized_gt.mrc,28,28,2255176,1683710,571466,213497,59798
24575,/data/ggutierrez/models/24575_resized.mrc,0.3,/data/ggutierrez/dataset/gt/24575_resized_gt.mrc,28,28,2255176,1683710,571466,213497,54068
24575,/data/ggutierrez/models/24575_resized.mrc,0.3,/data/ggutierrez/dataset/gt/24575_resized_gt.mrc,28,28,2255176,1683710,571466,213497,52229
24575,/data/ggutierrez/models/24575_resized.mrc,0.3,/data/ggutierrez/dataset/gt/24575_resized_gt.mrc,28,28,2255176,1683710,571466,213497,49278
24575,/data/ggutierrez/models/24575_resized.mrc,0.3,/data/ggutierrez/dataset/gt/24575_resized_gt.mrc,28,28,2255176,1683710,571466,213497,53535
24575,/data/ggutierrez/models/24575_resized.mrc,0.3,/data/ggutierrez/dataset/gt/24575_resized_gt.mrc,28,28,2255176,1683710,571466,213497,51586
24575,/data/ggutierrez/models/24575_resized.mrc,0.3,/data/ggutierrez/dataset/gt/24575_resized_gt.mrc,28,28,2255176,1683710,571466,213497,55524
24575,/data/ggutierrez/models/24575_resized.mrc,0.3,/data/ggutierrez/dataset/gt/24575_resized_gt.mrc,28,28,2255176,1683710,571466,213497,68302
24575,/data/ggutierrez/models/24575_resized.mrc,0.3,/data/ggutierrez/dataset/gt/24575_resized_gt.mrc,28,28,2255176,1683710,571466,213497,53722
24575,/data/ggutierrez/models/24575_resized.mrc,0.3,/data/ggutierrez/dataset/gt/24575_resized_gt.mrc,28,28,2255176,1683710,571466,213497,70623
24575,/data/ggutierrez/models/24575_resized.mrc,0.3,/data/ggutierrez/dataset/gt/24575_resized_gt.mrc,28,28,2255176,1683710,571466,213497,59175
24575,/data/ggutierrez/models/24575_resized.mrc,0.3,/data/ggutierrez/dataset/gt/24575_resized_gt.mrc,28,28,2255176,1683710,571466,213497,71665
24575,/data/ggutierrez/models/24575_resized.mrc,0.3,/data/ggutierrez/dataset/gt/24575_resized_gt.mrc,28,28,2255176,1683710,571466,213497,77308
24575,/data/ggutierrez/models/24575_resized.mrc,0.3,/data/ggutierrez/dataset/gt/24575_resized_gt.mrc,28,28,2255176,1683710,571466,213497,63894
24575,/data/ggutierrez/models/24575_resized.mrc,0.3,/data/ggutierrez/dataset/gt/24575_resized_gt.mrc,28,28,2255176,1683710,571466,213497,66270
24575,/data/ggutierrez/models/24575_resized.mrc,0.3,/data/ggutierrez/dataset/gt/24575_resized_gt.mrc,28,28,2255176,1683710,571466,213497,69703
24575,/data/ggutierrez/models/24575_resized.mrc,0.3,/data/ggutierrez/dataset/gt/24575_resized_gt.mrc,28,28,2255176,1683710,571466,213497,62555
24575,/data/ggutierrez/models/24575_resized.mrc,0.3,/data/ggutierrez/dataset/gt/24575_resized_gt.mrc,28,28,2255176,1683710,571466,213497,62894
24575,/data/ggutierrez/models/24575_resized.mrc,0.3,/data/ggutierrez/dataset/gt/24575_resized_gt.mrc,28,28,2255176,1683710,571466,213497,70593
24575,/data/ggutierrez/models/24575_resized.mrc,0.3,/data/ggutierrez/dataset/gt/24575_resized_gt.mrc,28,28,2255176,1683710,571466,213497,55299
24575,/data/ggutierrez/models/24575_resized.mrc,0.3,/data/ggutierrez/dataset/gt/24575_resized_gt.mrc,28,28,2255176,1683710,571466,213497,54271
24575,/data/ggutierrez/models/24575_resized.mrc,0.3,/data/ggutierrez/dataset/gt/24575_resized_gt.mrc,28,28,2255176,1683710,571466,213497,54260
24575,/data/ggutierrez/models/24575_resized.mrc,0.3,/data/ggutierrez/dataset/gt/24575_resized_gt.mrc,28,28,2255176,1683710,571466,213497,51709
24575,/data/ggutierrez/models/24575_resized.mrc,0.3,/data/ggutierrez/dataset/gt/24575_resized_gt.mrc,28,28,2255176,1683710,571466,213497,51245
24578,/data/ggutierrez/models/24578_resized.mrc,0.0158,/data/ggutierrez/dataset/gt/24578_resized_gt.mrc,8,8,193462,193462,0,2493,14283
24578,/data/ggutierrez/models/24578_resized.mrc,0.0158,/data/ggutierrez/dataset/gt/24578_resized_gt.mrc,8,8,193462,193462,0,2493,13898
24578,/data/ggutierrez/models/24578_resized.mrc,0.0158,/data/ggutierrez/dataset/gt/24578_resized_gt.mrc,8,8,193462,193462,0,2493,34359
24578,/data/ggutierrez/models/24578_resized.mrc,0.0158,/data/ggutierrez/dataset/gt/24578_resized_gt.mrc,8,8,193462,193462,0,2493,33767
24578,/data/ggutierrez/models/24578_resized.mrc,0.0158,/data/ggutierrez/dataset/gt/24578_resized_gt.mrc,8,8,193462,193462,0,2493,33872
24578,/data/ggutierrez/models/24578_resized.mrc,0.0158,/data/ggutierrez/dataset/gt/24578_resized_gt.mrc,8,8,193462,193462,0,2493,33203
24578,/data/ggutierrez/models/24578_resized.mrc,0.0158,/data/ggutierrez/dataset/gt/24578_resized_gt.mrc,8,8,193462,193462,0,2493,15481
24578,/data/ggutierrez/models/24578_resized.mrc,0.0158,/data/ggutierrez/dataset/gt/24578_resized_gt.mrc,8,8,193462,193462,0,2493,14599
2526,/data/ggutierrez/models/2526_resized.mrc,2.3,/data/ggutierrez/dataset/gt/2526_resized_gt.mrc,4,4,68271,68271,0,884,15546
2526,/data/ggutierrez/models/2526_resized.mrc,2.3,/data/ggutierrez/dataset/gt/2526_resized_gt.mrc,4,4,68271,68271,0,884,17835
2526,/data/ggutierrez/models/2526_resized.mrc,2.3,/data/ggutierrez/dataset/gt/2526_resized_gt.mrc,4,4,68271,68271,0,884,17429
2526,/data/ggutierrez/models/2526_resized.mrc,2.3,/data/ggutierrez/dataset/gt/2526_resized_gt.mrc,4,4,68271,68271,0,884,17461
2527,/data/ggutierrez/models/2527_resized.mrc,2.3,/data/ggutierrez/dataset/gt/2527_resized_gt.mrc,4,4,66093,66093,0,6,15730
2527,/data/ggutierrez/models/2527_resized.mrc,2.3,/data/ggutierrez/dataset/gt/2527_resized_gt.mrc,4,4,66093,66093,0,6,16900
2527,/data/ggutierrez/models/2527_resized.mrc,2.3,/data/ggutierrez/dataset/gt/2527_resized_gt.mrc,4,4,66093,66093,0,6,16210
2527,/data/ggutierrez/models/2527_resized.mrc,2.3,/data/ggutierrez/dataset/gt/2527_resized_gt.mrc,4,4,66093,66093,0,6,17253
26547,/data/ggutierrez/models/26547_resized.mrc,0.008,/data/ggutierrez/dataset/gt/26547_resized_gt.mrc,10,10,812371,797448,14923,330579,16231
26547,/data/ggutierrez/models/26547_resized.mrc,0.008,/data/ggutierrez/dataset/gt/26547_resized_gt.mrc,10,10,812371,797448,14923,330579,274617
26547,/data/ggutierrez/models/26547_resized.mrc,0.008,/data/ggutierrez/dataset/gt/26547_resized_gt.mrc,10,10,812371,797448,14923,330579,18463
26547,/data/ggutierrez/models/26547_resized.mrc,0.008,/data/ggutierrez/dataset/gt/26547_resized_gt.mrc,10,10,812371,797448,14923,330579,27216
26547,/data/ggutierrez/models/26547_resized.mrc,0.008,/data/ggutierrez/dataset/gt/26547_resized_gt.mrc,10,10,812371,797448,14923,330579,31754
26547,/data/ggutierrez/models/26547_resized.mrc,0.008,/data/ggutierrez/dataset/gt/26547_resized_gt.mrc,10,10,812371,797448,14923,330579,48768
26547,/data/ggutierrez/models/26547_resized.mrc,0.008,/data/ggutierrez/dataset/gt/26547_resized_gt.mrc,10,10,812371,797448,14923,330579,23205
26547,/data/ggutierrez/models/26547_resized.mrc,0.008,/data/ggutierrez/dataset/gt/26547_resized_gt.mrc,10,10,812371,797448,14923,330579,47160
26547,/data/ggutierrez/models/26547_resized.mrc,0.008,/data/ggutierrez/dataset/gt/26547_resized_gt.mrc,10,10,812371,797448,14923,330579,61101
26547,/data/ggutierrez/models/26547_resized.mrc,0.008,/data/ggutierrez/dataset/gt/26547_resized_gt.mrc,10,10,812371,797448,14923,330579,248933
26563,/data/ggutierrez/models/26563_resized.mrc,0.73,/data/ggutierrez/dataset/gt/26563_resized_gt.mrc,7,7,82184,80306,1878,23145,18459
26563,/data/ggutierrez/models/26563_resized.mrc,0.73,/data/ggutierrez/dataset/gt/26563_resized_gt.mrc,7,7,82184,80306,1878,23145,27326
26563,/data/ggutierrez/models/26563_resized.mrc,0.73,/data/ggutierrez/dataset/gt/26563_resized_gt.mrc,7,7,82184,80306,1878,23145,4794
26563,/data/ggutierrez/models/26563_resized.mrc,0.73,/data/ggutierrez/dataset/gt/26563_resized_gt.mrc,7,7,82184,80306,1878,23145,4967
26563,/data/ggutierrez/models/26563_resized.mrc,0.73,/data/ggutierrez/dataset/gt/26563_resized_gt.mrc,7,7,82184,80306,1878,23145,4203
26563,/data/ggutierrez/models/26563_resized.mrc,0.73,/data/ggutierrez/dataset/gt/26563_resized_gt.mrc,7,7,82184,80306,1878,23145,10711
26563,/data/ggutierrez/models/26563_resized.mrc,0.73,/data/ggutierrez/dataset/gt/26563_resized_gt.mrc,7,7,82184,80306,1878,23145,9846
27726,/data/ggutierrez/models/27726_resized.mrc,0.403,/data/ggutierrez/dataset/gt/27726_resized_gt.mrc,2,2,51527,51527,0,12539,21568
27726,/data/ggutierrez/models/27726_resized.mrc,0.403,/data/ggutierrez/dataset/gt/27726_resized_gt.mrc,2,2,51527,51527,0,12539,29959
28536,/data/ggutierrez/models/28536_resized.mrc,0.014,/data/ggutierrez/dataset/gt/28536_resized_gt.mrc,12,12,113469,113287,182,10757,8323
28536,/data/ggutierrez/models/28536_resized.mrc,0.014,/data/ggutierrez/dataset/gt/28536_resized_gt.mrc,12,12,113469,113287,182,10757,8275
28536,/data/ggutierrez/models/28536_resized.mrc,0.014,/data/ggutierrez/dataset/gt/28536_resized_gt.mrc,12,12,113469,113287,182,10757,11745
28536,/data/ggutierrez/models/28536_resized.mrc,0.014,/data/ggutierrez/dataset/gt/28536_resized_gt.mrc,12,12,113469,113287,182,10757,8345
28536,/data/ggutierrez/models/28536_resized.mrc,0.014,/data/ggutierrez/dataset/gt/28536_resized_gt.mrc,12,12,113469,113287,182,10757,11420
28536,/data/ggutierrez/models/28536_resized.mrc,0.014,/data/ggutierrez/dataset/gt/28536_resized_gt.mrc,12,12,113469,113287,182,10757,8499
28536,/data/ggutierrez/models/28536_resized.mrc,0.014,/data/ggutierrez/dataset/gt/28536_resized_gt.mrc,12,12,113469,113287,182,10757,8263
28536,/data/ggutierrez/models/28536_resized.mrc,0.014,/data/ggutierrez/dataset/gt/28536_resized_gt.mrc,12,12,113469,113287,182,10757,11366
28536,/data/ggutierrez/models/28536_resized.mrc,0.014,/data/ggutierrez/dataset/gt/28536_resized_gt.mrc,12,12,113469,113287,182,10757,8685
28536,/data/ggutierrez/models/28536_resized.mrc,0.014,/data/ggutierrez/dataset/gt/28536_resized_gt.mrc,12,12,113469,113287,182,10757,8246
28536,/data/ggutierrez/models/28536_resized.mrc,0.014,/data/ggutierrez/dataset/gt/28536_resized_gt.mrc,12,12,113469,113287,182,10757,11607
28536,/data/ggutierrez/models/28536_resized.mrc,0.014,/data/ggutierrez/dataset/gt/28536_resized_gt.mrc,12,12,113469,113287,182,10757,8513
29044,/data/ggutierrez/models/29044_resized.mrc,0.5,/data/ggutierrez/dataset/gt/29044_resized_gt.mrc,4,4,234476,233552,924,50872,123050
29044,/data/ggutierrez/models/29044_resized.mrc,0.5,/data/ggutierrez/dataset/gt/29044_resized_gt.mrc,4,4,234476,233552,924,50872,40936
29044,/data/ggutierrez/models/29044_resized.mrc,0.5,/data/ggutierrez/dataset/gt/29044_resized_gt.mrc,4,4,234476,233552,924,50872,40649
29044,/data/ggutierrez/models/29044_resized.mrc,0.5,/data/ggutierrez/dataset/gt/29044_resized_gt.mrc,4,4,234476,233552,924,50872,28917
29880,/data/ggutierrez/models/29880_resized.mrc,0.27,/data/ggutierrez/dataset/gt/29880_resized_gt.mrc,8,8,405890,384112,21778,195107,28266
29880,/data/ggutierrez/models/29880_resized.mrc,0.27,/data/ggutierrez/dataset/gt/29880_resized_gt.mrc,8,8,405890,384112,21778,195107,24605
29880,/data/ggutierrez/models/29880_resized.mrc,0.27,/data/ggutierrez/dataset/gt/29880_resized_gt.mrc,8,8,405890,384112,21778,195107,89261
29880,/data/ggutierrez/models/29880_resized.mrc,0.27,/data/ggutierrez/dataset/gt/29880_resized_gt.mrc,8,8,405890,384112,21778,195107,89704
29880,/data/ggutierrez/models/29880_resized.mrc,0.27,/data/ggutierrez/dataset/gt/29880_resized_gt.mrc,8,8,405890,384112,21778,195107,21844
29880,/data/ggutierrez/models/29880_resized.mrc,0.27,/data/ggutierrez/dataset/gt/29880_resized_gt.mrc,8,8,405890,384112,21778,195107,19598
29880,/data/ggutierrez/models/29880_resized.mrc,0.27,/data/ggutierrez/dataset/gt/29880_resized_gt.mrc,8,8,405890,384112,21778,195107,20156
29880,/data/ggutierrez/models/29880_resized.mrc,0.27,/data/ggutierrez/dataset/gt/29880_resized_gt.mrc,8,8,405890,384112,21778,195107,90678
30239,/data/ggutierrez/models/30239_resized.mrc,0.02,/data/ggutierrez/dataset/gt/30239_resized_gt.mrc,12,12,132220,132220,0,36909,7021
30239,/data/ggutierrez/models/30239_resized.mrc,0.02,/data/ggutierrez/dataset/gt/30239_resized_gt.mrc,12,12,132220,132220,0,36909,37950
30239,/data/ggutierrez/models/30239_resized.mrc,0.02,/data/ggutierrez/dataset/gt/30239_resized_gt.mrc,12,12,132220,132220,0,36909,3501
30239,/data/ggutierrez/models/30239_resized.mrc,0.02,/data/ggutierrez/dataset/gt/30239_resized_gt.mrc,12,12,132220,132220,0,36909,3705
30239,/data/ggutierrez/models/30239_resized.mrc,0.02,/data/ggutierrez/dataset/gt/30239_resized_gt.mrc,12,12,132220,132220,0,36909,4802
30239,/data/ggutierrez/models/30239_resized.mrc,0.02,/data/ggutierrez/dataset/gt/30239_resized_gt.mrc,12,12,132220,132220,0,36909,6699
30239,/data/ggutierrez/models/30239_resized.mrc,0.02,/data/ggutierrez/dataset/gt/30239_resized_gt.mrc,12,12,132220,132220,0,36909,6124
30239,/data/ggutierrez/models/30239_resized.mrc,0.02,/data/ggutierrez/dataset/gt/30239_resized_gt.mrc,12,12,132220,132220,0,36909,6897
30239,/data/ggutierrez/models/30239_resized.mrc,0.02,/data/ggutierrez/dataset/gt/30239_resized_gt.mrc,12,12,132220,132220,0,36909,5096
30239,/data/ggutierrez/models/30239_resized.mrc,0.02,/data/ggutierrez/dataset/gt/30239_resized_gt.mrc,12,12,132220,132220,0,36909,6966
30239,/data/ggutierrez/models/30239_resized.mrc,0.02,/data/ggutierrez/dataset/gt/30239_resized_gt.mrc,12,12,132220,132220,0,36909,6159
30239,/data/ggutierrez/models/30239_resized.mrc,0.02,/data/ggutierrez/dataset/gt/30239_resized_gt.mrc,12,12,132220,132220,0,36909,37300
30641,/data/ggutierrez/models/30641_resized.mrc,0.66,/data/ggutierrez/dataset/gt/30641_resized_gt.mrc,9,9,650422,641178,9244,226266,37042
30641,/data/ggutierrez/models/30641_resized.mrc,0.66,/data/ggutierrez/dataset/gt/30641_resized_gt.mrc,9,9,650422,641178,9244,226266,21284
30641,/data/ggutierrez/models/30641_resized.mrc,0.66,/data/ggutierrez/dataset/gt/30641_resized_gt.mrc,9,9,650422,641178,9244,226266,163811
30641,/data/ggutierrez/models/30641_resized.mrc,0.66,/data/ggutierrez/dataset/gt/30641_resized_gt.mrc,9,9,650422,641178,9244,226266,30043
30641,/data/ggutierrez/models/30641_resized.mrc,0.66,/data/ggutierrez/dataset/gt/30641_resized_gt.mrc,9,9,650422,641178,9244,226266,19628
30641,/data/ggutierrez/models/30641_resized.mrc,0.66,/data/ggutierrez/dataset/gt/30641_resized_gt.mrc,9,9,650422,641178,9244,226266,23709
30641,/data/ggutierrez/models/30641_resized.mrc,0.66,/data/ggutierrez/dataset/gt/30641_resized_gt.mrc,9,9,650422,641178,9244,226266,19146
30641,/data/ggutierrez/models/30641_resized.mrc,0.66,/data/ggutierrez/dataset/gt/30641_resized_gt.mrc,9,9,650422,641178,9244,226266,162784
30641,/data/ggutierrez/models/30641_resized.mrc,0.66,/data/ggutierrez/dataset/gt/30641_resized_gt.mrc,9,9,650422,641178,9244,226266,163731
30642,/data/ggutierrez/models/30642_resized.mrc,0.9,/data/ggutierrez/dataset/gt/30642_resized_gt.mrc,7,7,480011,474760,5251,136652,125926
30642,/data/ggutierrez/models/30642_resized.mrc,0.9,/data/ggutierrez/dataset/gt/30642_resized_gt.mrc,7,7,480011,474760,5251,136652,140274
30642,/data/ggutierrez/models/30642_resized.mrc,0.9,/data/ggutierrez/dataset/gt/30642_resized_gt.mrc,7,7,480011,474760,5251,136652,21397
30642,/data/ggutierrez/models/30642_resized.mrc,0.9,/data/ggutierrez/dataset/gt/30642_resized_gt.mrc,7,7,480011,474760,5251,136652,15560
30642,/data/ggutierrez/models/30642_resized.mrc,0.9,/data/ggutierrez/dataset/gt/30642_resized_gt.mrc,7,7,480011,474760,5251,136652,128476
30642,/data/ggutierrez/models/30642_resized.mrc,0.9,/data/ggutierrez/dataset/gt/30642_resized_gt.mrc,7,7,480011,474760,5251,136652,27591
30642,/data/ggutierrez/models/30642_resized.mrc,0.9,/data/ggutierrez/dataset/gt/30642_resized_gt.mrc,7,7,480011,474760,5251,136652,15536
30649,/data/ggutierrez/models/30649_resized.mrc,0.86,/data/ggutierrez/dataset/gt/30649_resized_gt.mrc,5,5,612861,600544,12317,229005,42077
30649,/data/ggutierrez/models/30649_resized.mrc,0.86,/data/ggutierrez/dataset/gt/30649_resized_gt.mrc,5,5,612861,600544,12317,229005,10935
30649,/data/ggutierrez/models/30649_resized.mrc,0.86,/data/ggutierrez/dataset/gt/30649_resized_gt.mrc,5,5,612861,600544,12317,229005,171888
30649,/data/ggutierrez/models/30649_resized.mrc,0.86,/data/ggutierrez/dataset/gt/30649_resized_gt.mrc,5,5,612861,600544,12317,229005,110421
30649,/data/ggutierrez/models/30649_resized.mrc,0.86,/data/ggutierrez/dataset/gt/30649_resized_gt.mrc,5,5,612861,600544,12317,229005,265223
30705,/data/ggutierrez/models/30705_resized.mrc,0.75,/data/ggutierrez/dataset/gt/30705_resized_gt.mrc,9,9,731119,724540,6579,182603,1384
30705,/data/ggutierrez/models/30705_resized.mrc,0.75,/data/ggutierrez/dataset/gt/30705_resized_gt.mrc,9,9,731119,724540,6579,182603,22611
30705,/data/ggutierrez/models/30705_resized.mrc,0.75,/data/ggutierrez/dataset/gt/30705_resized_gt.mrc,9,9,731119,724540,6579,182603,171683
30705,/data/ggutierrez/models/30705_resized.mrc,0.75,/data/ggutierrez/dataset/gt/30705_resized_gt.mrc,9,9,731119,724540,6579,182603,157210
30705,/data/ggutierrez/models/30705_resized.mrc,0.75,/data/ggutierrez/dataset/gt/30705_resized_gt.mrc,9,9,731119,724540,6579,182603,28656
30705,/data/ggutierrez/models/30705_resized.mrc,0.75,/data/ggutierrez/dataset/gt/30705_resized_gt.mrc,9,9,731119,724540,6579,182603,47946
30705,/data/ggutierrez/models/30705_resized.mrc,0.75,/data/ggutierrez/dataset/gt/30705_resized_gt.mrc,9,9,731119,724540,6579,182603,33115
30705,/data/ggutierrez/models/30705_resized.mrc,0.75,/data/ggutierrez/dataset/gt/30705_resized_gt.mrc,9,9,731119,724540,6579,182603,45928
30705,/data/ggutierrez/models/30705_resized.mrc,0.75,/data/ggutierrez/dataset/gt/30705_resized_gt.mrc,9,9,731119,724540,6579,182603,216007
30997,/data/ggutierrez/models/30997_resized.mrc,0.0104,/data/ggutierrez/dataset/gt/30997_resized_gt.mrc,4,4,263449,263449,0,68433,117055
30997,/data/ggutierrez/models/30997_resized.mrc,0.0104,/data/ggutierrez/dataset/gt/30997_resized_gt.mrc,4,4,263449,263449,0,68433,15250
30997,/data/ggutierrez/models/30997_resized.mrc,0.0104,/data/ggutierrez/dataset/gt/30997_resized_gt.mrc,4,4,263449,263449,0,68433,116009
30997,/data/ggutierrez/models/30997_resized.mrc,0.0104,/data/ggutierrez/dataset/gt/30997_resized_gt.mrc,4,4,263449,263449,0,68433,15135
31019,/data/ggutierrez/models/31019_resized.mrc,0.0072,/data/ggutierrez/dataset/gt/31019_resized_gt.mrc,12,12,707670,700153,7517,370537,108198
31019,/data/ggutierrez/models/31019_resized.mrc,0.0072,/data/ggutierrez/dataset/gt/31019_resized_gt.mrc,12,12,707670,700153,7517,370537,64439
31019,/data/ggutierrez/models/31019_resized.mrc,0.0072,/data/ggutierrez/dataset/gt/31019_resized_gt.mrc,12,12,707670,700153,7517,370537,3296
31019,/data/ggutierrez/models/31019_resized.mrc,0.0072,/data/ggutierrez/dataset/gt/31019_resized_gt.mrc,12,12,707670,700153,7517,370537,63765
31019,/data/ggutierrez/models/31019_resized.mrc,0.0072,/data/ggutierrez/dataset/gt/31019_resized_gt.mrc,12,12,707670,700153,7517,370537,104993
31019,/data/ggutierrez/models/31019_resized.mrc,0.0072,/data/ggutierrez/dataset/gt/31019_resized_gt.mrc,12,12,707670,700153,7517,370537,5172
31019,/data/ggutierrez/models/31019_resized.mrc,0.0072,/data/ggutierrez/dataset/gt/31019_resized_gt.mrc,12,12,707670,700153,7517,370537,65552
31019,/data/ggutierrez/models/31019_resized.mrc,0.0072,/data/ggutierrez/dataset/gt/31019_resized_gt.mrc,12,12,707670,700153,7517,370537,3694
31019,/data/ggutierrez/models/31019_resized.mrc,0.0072,/data/ggutierrez/dataset/gt/31019_resized_gt.mrc,12,12,707670,700153,7517,370537,64820
31019,/data/ggutierrez/models/31019_resized.mrc,0.0072,/data/ggutierrez/dataset/gt/31019_resized_gt.mrc,12,12,707670,700153,7517,370537,106331
31019,/data/ggutierrez/models/31019_resized.mrc,0.0072,/data/ggutierrez/dataset/gt/31019_resized_gt.mrc,12,12,707670,700153,7517,370537,105184
31019,/data/ggutierrez/models/31019_resized.mrc,0.0072,/data/ggutierrez/dataset/gt/31019_resized_gt.mrc,12,12,707670,700153,7517,370537,4709
31721,/data/ggutierrez/models/31721_resized.mrc,0.217,/data/ggutierrez/dataset/gt/31721_resized_gt.mrc,6,6,311824,311776,48,50482,104016
31721,/data/ggutierrez/models/31721_resized.mrc,0.217,/data/ggutierrez/dataset/gt/31721_resized_gt.mrc,6,6,311824,311776,48,50482,105296
31721,/data/ggutierrez/models/31721_resized.mrc,0.217,/data/ggutierrez/dataset/gt/31721_resized_gt.mrc,6,6,311824,311776,48,50482,37190
31721,/data/ggutierrez/models/31721_resized.mrc,0.217,/data/ggutierrez/dataset/gt/31721_resized_gt.mrc,6,6,311824,311776,48,50482,14060
31721,/data/ggutierrez/models/31721_resized.mrc,0.217,/data/ggutierrez/dataset/gt/31721_resized_gt.mrc,6,6,311824,311776,48,50482,35331
31721,/data/ggutierrez/models/31721_resized.mrc,0.217,/data/ggutierrez/dataset/gt/31721_resized_gt.mrc,6,6,311824,311776,48,50482,15883
32114,/data/ggutierrez/models/32114_resized.mrc,0.018,/data/ggutierrez/dataset/gt/32114_resized_gt.mrc,14,14,286108,286108,0,55298,21465
32114,/data/ggutierrez/models/32114_resized.mrc,0.018,/data/ggutierrez/dataset/gt/32114_resized_gt.mrc,14,14,286108,286108,0,55298,21465
32114,/data/ggutierrez/models/32114_resized.mrc,0.018,/data/ggutierrez/dataset/gt/32114_resized_gt.mrc,14,14,286108,286108,0,55298,17549
32114,/data/ggutierrez/models/32114_resized.mrc,0.018,/data/ggutierrez/dataset/gt/32114_resized_gt.mrc,14,14,286108,286108,0,55298,16460
32114,/data/ggutierrez/models/32114_resized.mrc,0.018,/data/ggutierrez/dataset/gt/32114_resized_gt.mrc,14,14,286108,286108,0,55298,18680
32114,/data/ggutierrez/models/32114_resized.mrc,0.018,/data/ggutierrez/dataset/gt/32114_resized_gt.mrc,14,14,286108,286108,0,55298,18916
32114,/data/ggutierrez/models/32114_resized.mrc,0.018,/data/ggutierrez/dataset/gt/32114_resized_gt.mrc,14,14,286108,286108,0,55298,23559
32114,/data/ggutierrez/models/32114_resized.mrc,0.018,/data/ggutierrez/dataset/gt/32114_resized_gt.mrc,14,14,286108,286108,0,55298,24001
32114,/data/ggutierrez/models/32114_resized.mrc,0.018,/data/ggutierrez/dataset/gt/32114_resized_gt.mrc,14,14,286108,286108,0,55298,20734
32114,/data/ggutierrez/models/32114_resized.mrc,0.018,/data/ggutierrez/dataset/gt/32114_resized_gt.mrc,14,14,286108,286108,0,55298,17776
32114,/data/ggutierrez/models/32114_resized.mrc,0.018,/data/ggutierrez/dataset/gt/32114_resized_gt.mrc,14,14,286108,286108,0,55298,16547
32114,/data/ggutierrez/models/32114_resized.mrc,0.018,/data/ggutierrez/dataset/gt/32114_resized_gt.mrc,14,14,286108,286108,0,55298,20941
32114,/data/ggutierrez/models/32114_resized.mrc,0.018,/data/ggutierrez/dataset/gt/32114_resized_gt.mrc,14,14,286108,286108,0,55298,23369
32114,/data/ggutierrez/models/32114_resized.mrc,0.018,/data/ggutierrez/dataset/gt/32114_resized_gt.mrc,14,14,286108,286108,0,55298,24646
33506,/data/ggutierrez/models/33506_resized.mrc,0.13,/data/ggutierrez/dataset/gt/33506_resized_gt.mrc,3,3,152161,135124,17037,57131,33173
33506,/data/ggutierrez/models/33506_resized.mrc,0.13,/data/ggutierrez/dataset/gt/33506_resized_gt.mrc,3,3,152161,135124,17037,57131,55023
33506,/data/ggutierrez/models/33506_resized.mrc,0.13,/data/ggutierrez/dataset/gt/33506_resized_gt.mrc,3,3,152161,135124,17037,57131,46928
33602,/data/ggutierrez/models/33602_resized.mrc,0.006,/data/ggutierrez/dataset/gt/33602_resized_gt.mrc,6,6,269157,264016,5141,52685,83598
33602,/data/ggutierrez/models/33602_resized.mrc,0.006,/data/ggutierrez/dataset/gt/33602_resized_gt.mrc,6,6,269157,264016,5141,52685,37150
33602,/data/ggutierrez/models/33602_resized.mrc,0.006,/data/ggutierrez/dataset/gt/33602_resized_gt.mrc,6,6,269157,264016,5141,52685,10920
33602,/data/ggutierrez/models/33602_resized.mrc,0.006,/data/ggutierrez/dataset/gt/33602_resized_gt.mrc,6,6,269157,264016,5141,52685,85057
33602,/data/ggutierrez/models/33602_resized.mrc,0.006,/data/ggutierrez/dataset/gt/33602_resized_gt.mrc,6,6,269157,264016,5141,52685,36731
33602,/data/ggutierrez/models/33602_resized.mrc,0.006,/data/ggutierrez/dataset/gt/33602_resized_gt.mrc,6,6,269157,264016,5141,52685,10560
33626,/data/ggutierrez/models/33626_resized.mrc,0.07,/data/ggutierrez/dataset/gt/33626_resized_gt.mrc,10,10,292512,292512,0,102256,22990
33626,/data/ggutierrez/models/33626_resized.mrc,0.07,/data/ggutierrez/dataset/gt/33626_resized_gt.mrc,10,10,292512,292512,0,102256,44890
33626,/data/ggutierrez/models/33626_resized.mrc,0.07,/data/ggutierrez/dataset/gt/33626_resized_gt.mrc,10,10,292512,292512,0,102256,14363
33626,/data/ggutierrez/models/33626_resized.mrc,0.07,/data/ggutierrez/dataset/gt/33626_resized_gt.mrc,10,10,292512,292512,0,102256,8869
33626,/data/ggutierrez/models/33626_resized.mrc,0.07,/data/ggutierrez/dataset/gt/33626_resized_gt.mrc,10,10,292512,292512,0,102256,56335
33626,/data/ggutierrez/models/33626_resized.mrc,0.07,/data/ggutierrez/dataset/gt/33626_resized_gt.mrc,10,10,292512,292512,0,102256,44036
33626,/data/ggutierrez/models/33626_resized.mrc,0.07,/data/ggutierrez/dataset/gt/33626_resized_gt.mrc,10,10,292512,292512,0,102256,20035
33626,/data/ggutierrez/models/33626_resized.mrc,0.07,/data/ggutierrez/dataset/gt/33626_resized_gt.mrc,10,10,292512,292512,0,102256,16276
33626,/data/ggutierrez/models/33626_resized.mrc,0.07,/data/ggutierrez/dataset/gt/33626_resized_gt.mrc,10,10,292512,292512,0,102256,10030
33626,/data/ggutierrez/models/33626_resized.mrc,0.07,/data/ggutierrez/dataset/gt/33626_resized_gt.mrc,10,10,292512,292512,0,102256,54688
33631,/data/ggutierrez/models/33631_resized.mrc,0.09,/data/ggutierrez/dataset/gt/33631_resized_gt.mrc,14,14,211682,211682,0,74648,7228
33631,/data/ggutierrez/models/33631_resized.mrc,0.09,/data/ggutierrez/dataset/gt/33631_resized_gt.mrc,14,14,211682,211682,0,74648,38751
33631,/data/ggutierrez/models/33631_resized.mrc,0.09,/data/ggutierrez/dataset/gt/33631_resized_gt.mrc,14,14,211682,211682,0,74648,2755
33631,/data/ggutierrez/models/33631_resized.mrc,0.09,/data/ggutierrez/dataset/gt/33631_resized_gt.mrc,14,14,211682,211682,0,74648,35818
33631,/data/ggutierrez/models/33631_resized.mrc,0.09,/data/ggutierrez/dataset/gt/33631_resized_gt.mrc,14,14,211682,211682,0,74648,1142
33631,/data/ggutierrez/models/33631_resized.mrc,0.09,/data/ggutierrez/dataset/gt/33631_resized_gt.mrc,14,14,211682,211682,0,74648,36930
33631,/data/ggutierrez/models/33631_resized.mrc,0.09,/data/ggutierrez/dataset/gt/33631_resized_gt.mrc,14,14,211682,211682,0,74648,7978
33631,/data/ggutierrez/models/33631_resized.mrc,0.09,/data/ggutierrez/dataset/gt/33631_resized_gt.mrc,14,14,211682,211682,0,74648,7833
33631,/data/ggutierrez/models/33631_resized.mrc,0.09,/data/ggutierrez/dataset/gt/33631_resized_gt.mrc,14,14,211682,211682,0,74648,7716
33631,/data/ggutierrez/models/33631_resized.mrc,0.09,/data/ggutierrez/dataset/gt/33631_resized_gt.mrc,14,14,211682,211682,0,74648,34188
33631,/data/ggutierrez/models/33631_resized.mrc,0.09,/data/ggutierrez/dataset/gt/33631_resized_gt.mrc,14,14,211682,211682,0,74648,8169
33631,/data/ggutierrez/models/33631_resized.mrc,0.09,/data/ggutierrez/dataset/gt/33631_resized_gt.mrc,14,14,211682,211682,0,74648,7684
33631,/data/ggutierrez/models/33631_resized.mrc,0.09,/data/ggutierrez/dataset/gt/33631_resized_gt.mrc,14,14,211682,211682,0,74648,7676
33631,/data/ggutierrez/models/33631_resized.mrc,0.09,/data/ggutierrez/dataset/gt/33631_resized_gt.mrc,14,14,211682,211682,0,74648,7814
33942,/data/ggutierrez/models/33942_resized.mrc,0.25,/data/ggutierrez/dataset/gt/33942_resized_gt.mrc,3,3,658912,651921,6991,190969,216019
33942,/data/ggutierrez/models/33942_resized.mrc,0.25,/data/ggutierrez/dataset/gt/33942_resized_gt.mrc,3,3,658912,651921,6991,190969,201660
33942,/data/ggutierrez/models/33942_resized.mrc,0.25,/data/ggutierrez/dataset/gt/33942_resized_gt.mrc,3,3,658912,651921,6991,190969,234242
33943,/data/ggutierrez/models/33943_resized.mrc,0.25,/data/ggutierrez/dataset/gt/33943_resized_gt.mrc,3,3,709595,703468,6127,235763,231523
33943,/data/ggutierrez/models/33943_resized.mrc,0.25,/data/ggutierrez/dataset/gt/33943_resized_gt.mrc,3,3,709595,703468,6127,235763,223265
33943,/data/ggutierrez/models/33943_resized.mrc,0.25,/data/ggutierrez/dataset/gt/33943_resized_gt.mrc,3,3,709595,703468,6127,235763,248680
33944,/data/ggutierrez/models/33944_resized.mrc,0.25,/data/ggutierrez/dataset/gt/33944_resized_gt.mrc,3,3,713103,699387,13716,207933,254322
33944,/data/ggutierrez/models/33944_resized.mrc,0.25,/data/ggutierrez/dataset/gt/33944_resized_gt.mrc,3,3,713103,699387,13716,207933,227357
33944,/data/ggutierrez/models/33944_resized.mrc,0.25,/data/ggutierrez/dataset/gt/33944_resized_gt.mrc,3,3,713103,699387,13716,207933,217708
33947,/data/ggutierrez/models/33947_resized.mrc,0.25,/data/ggutierrez/dataset/gt/33947_resized_gt.mrc,3,3,698514,687394,11120,305844,236456
33947,/data/ggutierrez/models/33947_resized.mrc,0.25,/data/ggutierrez/dataset/gt/33947_resized_gt.mrc,3,3,698514,687394,11120,305844,220343
33947,/data/ggutierrez/models/33947_resized.mrc,0.25,/data/ggutierrez/dataset/gt/33947_resized_gt.mrc,3,3,698514,687394,11120,305844,230595
34427,/data/ggutierrez/models/34427_resized.mrc,0.17,/data/ggutierrez/dataset/gt/34427_resized_gt.mrc,4,4,547385,545376,2009,358315,201364
34427,/data/ggutierrez/models/34427_resized.mrc,0.17,/data/ggutierrez/dataset/gt/34427_resized_gt.mrc,4,4,547385,545376,2009,358315,54896
34427,/data/ggutierrez/models/34427_resized.mrc,0.17,/data/ggutierrez/dataset/gt/34427_resized_gt.mrc,4,4,547385,545376,2009,358315,239914
34427,/data/ggutierrez/models/34427_resized.mrc,0.17,/data/ggutierrez/dataset/gt/34427_resized_gt.mrc,4,4,547385,545376,2009,358315,49202
36014,/data/ggutierrez/models/36014_resized.mrc,0.07,/data/ggutierrez/dataset/gt/36014_resized_gt.mrc,14,14,283637,283491,146,103725,13307
36014,/data/ggutierrez/models/36014_resized.mrc,0.07,/data/ggutierrez/dataset/gt/36014_resized_gt.mrc,14,14,283637,283491,146,103725,50155
36014,/data/ggutierrez/models/36014_resized.mrc,0.07,/data/ggutierrez/dataset/gt/36014_resized_gt.mrc,14,14,283637,283491,146,103725,898
36014,/data/ggutierrez/models/36014_resized.mrc,0.07,/data/ggutierrez/dataset/gt/36014_resized_gt.mrc,14,14,283637,283491,146,103725,47956
36014,/data/ggutierrez/models/36014_resized.mrc,0.07,/data/ggutierrez/dataset/gt/36014_resized_gt.mrc,14,14,283637,283491,146,103725,11707
36014,/data/ggutierrez/models/36014_resized.mrc,0.07,/data/ggutierrez/dataset/gt/36014_resized_gt.mrc,14,14,283637,283491,146,103725,50853
36014,/data/ggutierrez/models/36014_resized.mrc,0.07,/data/ggutierrez/dataset/gt/36014_resized_gt.mrc,14,14,283637,283491,146,103725,12777
36014,/data/ggutierrez/models/36014_resized.mrc,0.07,/data/ggutierrez/dataset/gt/36014_resized_gt.mrc,14,14,283637,283491,146,103725,10530
36014,/data/ggutierrez/models/36014_resized.mrc,0.07,/data/ggutierrez/dataset/gt/36014_resized_gt.mrc,14,14,283637,283491,146,103725,9454
36014,/data/ggutierrez/models/36014_resized.mrc,0.07,/data/ggutierrez/dataset/gt/36014_resized_gt.mrc,14,14,283637,283491,146,103725,36105
36014,/data/ggutierrez/models/36014_resized.mrc,0.07,/data/ggutierrez/dataset/gt/36014_resized_gt.mrc,14,14,283637,283491,146,103725,9702
36014,/data/ggutierrez/models/36014_resized.mrc,0.07,/data/ggutierrez/dataset/gt/36014_resized_gt.mrc,14,14,283637,283491,146,103725,9015
36014,/data/ggutierrez/models/36014_resized.mrc,0.07,/data/ggutierrez/dataset/gt/36014_resized_gt.mrc,14,14,283637,283491,146,103725,9650
36014,/data/ggutierrez/models/36014_resized.mrc,0.07,/data/ggutierrez/dataset/gt/36014_resized_gt.mrc,14,14,283637,283491,146,103725,11382
3696,/data/ggutierrez/models/3696_resized.mrc,0.002,/data/ggutierrez/dataset/gt/3696_resized_gt.mrc,14,14,1051859,1049560,2299,582351,67562
3696,/data/ggutierrez/models/3696_resized.mrc,0.002,/data/ggutierrez/dataset/gt/3696_resized_gt.mrc,14,14,1051859,1049560,2299,582351,71447
3696,/data/ggutierrez/models/3696_resized.mrc,0.002,/data/ggutierrez/dataset/gt/3696_resized_gt.mrc,14,14,1051859,1049560,2299,582351,66167
3696,/data/ggutierrez/models/3696_resized.mrc,0.002,/data/ggutierrez/dataset/gt/3696_resized_gt.mrc,14,14,1051859,1049560,2299,582351,24421
3696,/data/ggutierrez/models/3696_resized.mrc,0.002,/data/ggutierrez/dataset/gt/3696_resized_gt.mrc,14,14,1051859,1049560,2299,582351,65601
3696,/data/ggutierrez/models/3696_resized.mrc,0.002,/data/ggutierrez/dataset/gt/3696_resized_gt.mrc,14,14,1051859,1049560,2299,582351,15294
3696,/data/ggutierrez/models/3696_resized.mrc,0.002,/data/ggutierrez/dataset/gt/3696_resized_gt.mrc,14,14,1051859,1049560,2299,582351,45847
3696,/data/ggutierrez/models/3696_resized.mrc,0.002,/data/ggutierrez/dataset/gt/3696_resized_gt.mrc,14,14,1051859,1049560,2299,582351,277049
3696,/data/ggutierrez/models/3696_resized.mrc,0.002,/data/ggutierrez/dataset/gt/3696_resized_gt.mrc,14,14,1051859,1049560,2299,582351,218158
3696,/data/ggutierrez/models/3696_resized.mrc,0.002,/data/ggutierrez/dataset/gt/3696_resized_gt.mrc,14,14,1051859,1049560,2299,582351,14127
3696,/data/ggutierrez/models/3696_resized.mrc,0.002,/data/ggutierrez/dataset/gt/3696_resized_gt.mrc,14,14,1051859,1049560,2299,582351,55716
3696,/data/ggutierrez/models/3696_resized.mrc,0.002,/data/ggutierrez/dataset/gt/3696_resized_gt.mrc,14,14,1051859,1049560,2299,582351,41566
3696,/data/ggutierrez/models/3696_resized.mrc,0.002,/data/ggutierrez/dataset/gt/3696_resized_gt.mrc,14,14,1051859,1049560,2299,582351,36970
3696,/data/ggutierrez/models/3696_resized.mrc,0.002,/data/ggutierrez/dataset/gt/3696_resized_gt.mrc,14,14,1051859,1049560,2299,582351,49635
3885,/data/ggutierrez/models/3885_resized.mrc,0.045,/data/ggutierrez/dataset/gt/3885_resized_gt.mrc,20,20,619254,617916,1338,165339,34485
3885,/data/ggutierrez/models/3885_resized.mrc,0.045,/data/ggutierrez/dataset/gt/3885_resized_gt.mrc,20,20,619254,617916,1338,165339,25722
3885,/data/ggutierrez/models/3885_resized.mrc,0.045,/data/ggutierrez/dataset/gt/3885_resized_gt.mrc,20,20,619254,617916,1338,165339,36303
3885,/data/ggutierrez/models/3885_resized.mrc,0.045,/data/ggutierrez/dataset/gt/3885_resized_gt.mrc,20,20,619254,617916,1338,165339,25688
3885,/data/ggutierrez/models/3885_resized.mrc,0.045,/data/ggutierrez/dataset/gt/3885_resized_gt.mrc,20,20,619254,617916,1338,165339,35672
3885,/data/ggutierrez/models/3885_resized.mrc,0.045,/data/ggutierrez/dataset/gt/3885_resized_gt.mrc,20,20,619254,617916,1338,165339,26279
3885,/data/ggutierrez/models/3885_resized.mrc,0.045,/data/ggutierrez/dataset/gt/3885_resized_gt.mrc,20,20,619254,617916,1338,165339,35060
3885,/data/ggutierrez/models/3885_resized.mrc,0.045,/data/ggutierrez/dataset/gt/3885_resized_gt.mrc,20,20,619254,617916,1338,165339,26727
3885,/data/ggutierrez/models/3885_resized.mrc,0.045,/data/ggutierrez/dataset/gt/3885_resized_gt.mrc,20,20,619254,617916,1338,165339,34514
3885,/data/ggutierrez/models/3885_resized.mrc,0.045,/data/ggutierrez/dataset/gt/3885_resized_gt.mrc,20,20,619254,617916,1338,165339,26953
3885,/data/ggutierrez/models/3885_resized.mrc,0.045,/data/ggutierrez/dataset/gt/3885_resized_gt.mrc,20,20,619254,617916,1338,165339,34434
3885,/data/ggutierrez/models/3885_resized.mrc,0.045,/data/ggutierrez/dataset/gt/3885_resized_gt.mrc,20,20,619254,617916,1338,165339,27054
3885,/data/ggutierrez/models/3885_resized.mrc,0.045,/data/ggutierrez/dataset/gt/3885_resized_gt.mrc,20,20,619254,617916,1338,165339,27260
3885,/data/ggutierrez/models/3885_resized.mrc,0.045,/data/ggutierrez/dataset/gt/3885_resized_gt.mrc,20,20,619254,617916,1338,165339,34995
3885,/data/ggutierrez/models/3885_resized.mrc,0.045,/data/ggutierrez/dataset/gt/3885_resized_gt.mrc,20,20,619254,617916,1338,165339,26755
3885,/data/ggutierrez/models/3885_resized.mrc,0.045,/data/ggutierrez/dataset/gt/3885_resized_gt.mrc,20,20,619254,617916,1338,165339,35638
3885,/data/ggutierrez/models/3885_resized.mrc,0.045,/data/ggutierrez/dataset/gt/3885_resized_gt.mrc,20,20,619254,617916,1338,165339,26163
3885,/data/ggutierrez/models/3885_resized.mrc,0.045,/data/ggutierrez/dataset/gt/3885_resized_gt.mrc,20,20,619254,617916,1338,165339,36094
3885,/data/ggutierrez/models/3885_resized.mrc,0.045,/data/ggutierrez/dataset/gt/3885_resized_gt.mrc,20,20,619254,617916,1338,165339,25760
3885,/data/ggutierrez/models/3885_resized.mrc,0.045,/data/ggutierrez/dataset/gt/3885_resized_gt.mrc,20,20,619254,617916,1338,165339,36360
3954,/data/ggutierrez/models/3954_resized.mrc,0.0155,/data/ggutierrez/dataset/gt/3954_resized_gt.mrc,19,19,1131026,1114525,16501,671933,94685
3954,/data/ggutierrez/models/3954_resized.mrc,0.0155,/data/ggutierrez/dataset/gt/3954_resized_gt.mrc,19,19,1131026,1114525,16501,671933,19535
3954,/data/ggutierrez/models/3954_resized.mrc,0.0155,/data/ggutierrez/dataset/gt/3954_resized_gt.mrc,19,19,1131026,1114525,16501,671933,25868
3954,/data/ggutierrez/models/3954_resized.mrc,0.0155,/data/ggutierrez/dataset/gt/3954_resized_gt.mrc,19,19,1131026,1114525,16501,671933,22264
3954,/data/ggutierrez/models/3954_resized.mrc,0.0155,/data/ggutierrez/dataset/gt/3954_resized_gt.mrc,19,19,1131026,1114525,16501,671933,25117
3954,/data/ggutierrez/models/3954_resized.mrc,0.0155,/data/ggutierrez/dataset/gt/3954_resized_gt.mrc,19,19,1131026,1114525,16501,671933,14037
3954,/data/ggutierrez/models/3954_resized.mrc,0.0155,/data/ggutierrez/dataset/gt/3954_resized_gt.mrc,19,19,1131026,1114525,16501,671933,13602
3954,/data/ggutierrez/models/3954_resized.mrc,0.0155,/data/ggutierrez/dataset/gt/3954_resized_gt.mrc,19,19,1131026,1114525,16501,671933,13182
3954,/data/ggutierrez/models/3954_resized.mrc,0.0155,/data/ggutierrez/dataset/gt/3954_resized_gt.mrc,19,19,1131026,1114525,16501,671933,13158
3954,/data/ggutierrez/models/3954_resized.mrc,0.0155,/data/ggutierrez/dataset/gt/3954_resized_gt.mrc,19,19,1131026,1114525,16501,671933,122062
3954,/data/ggutierrez/models/3954_resized.mrc,0.0155,/data/ggutierrez/dataset/gt/3954_resized_gt.mrc,19,19,1131026,1114525,16501,671933,118746
3954,/data/ggutierrez/models/3954_resized.mrc,0.0155,/data/ggutierrez/dataset/gt/3954_resized_gt.mrc,19,19,1131026,1114525,16501,671933,104554
3954,/data/ggutierrez/models/3954_resized.mrc,0.0155,/data/ggutierrez/dataset/gt/3954_resized_gt.mrc,19,19,1131026,1114525,16501,671933,86165
3954,/data/ggutierrez/models/3954_resized.mrc,0.0155,/data/ggutierrez/dataset/gt/3954_resized_gt.mrc,19,19,1131026,1114525,16501,671933,71220
3954,/data/ggutierrez/models/3954_resized.mrc,0.0155,/data/ggutierrez/dataset/gt/3954_resized_gt.mrc,19,19,1131026,1114525,16501,671933,61330
3954,/data/ggutierrez/models/3954_resized.mrc,0.0155,/data/ggutierrez/dataset/gt/3954_resized_gt.mrc,19,19,1131026,1114525,16501,671933,73799
3954,/data/ggutierrez/models/3954_resized.mrc,0.0155,/data/ggutierrez/dataset/gt/3954_resized_gt.mrc,19,19,1131026,1114525,16501,671933,127809
3954,/data/ggutierrez/models/3954_resized.mrc,0.0155,/data/ggutierrez/dataset/gt/3954_resized_gt.mrc,19,19,1131026,1114525,16501,671933,86047
3954,/data/ggutierrez/models/3954_resized.mrc,0.0155,/data/ggutierrez/dataset/gt/3954_resized_gt.mrc,19,19,1131026,1114525,16501,671933,21345
4343,/data/ggutierrez/models/4343_resized.mrc,0.014,/data/ggutierrez/dataset/gt/4343_resized_gt.mrc,6,6,655011,653908,1103,204221,168404
4343,/data/ggutierrez/models/4343_resized.mrc,0.014,/data/ggutierrez/dataset/gt/4343_resized_gt.mrc,6,6,655011,653908,1103,204221,167277
4343,/data/ggutierrez/models/4343_resized.mrc,0.014,/data/ggutierrez/dataset/gt/4343_resized_gt.mrc,6,6,655011,653908,1103,204221,99567
4343,/data/ggutierrez/models/4343_resized.mrc,0.014,/data/ggutierrez/dataset/gt/4343_resized_gt.mrc,6,6,655011,653908,1103,204221,101126
4343,/data/ggutierrez/models/4343_resized.mrc,0.014,/data/ggutierrez/dataset/gt/4343_resized_gt.mrc,6,6,655011,653908,1103,204221,58955
4343,/data/ggutierrez/models/4343_resized.mrc,0.014,/data/ggutierrez/dataset/gt/4343_resized_gt.mrc,6,6,655011,653908,1103,204221,58579
4400,/data/ggutierrez/models/4400_resized.mrc,0.018,/data/ggutierrez/dataset/gt/4400_resized_gt.mrc,5,5,145925,145925,0,5497,33791
4400,/data/ggutierrez/models/4400_resized.mrc,0.018,/data/ggutierrez/dataset/gt/4400_resized_gt.mrc,5,5,145925,145925,0,5497,38036
4400,/data/ggutierrez/models/4400_resized.mrc,0.018,/data/ggutierrez/dataset/gt/4400_resized_gt.mrc,5,5,145925,145925,0,5497,38810
4400,/data/ggutierrez/models/4400_resized.mrc,0.018,/data/ggutierrez/dataset/gt/4400_resized_gt.mrc,5,5,145925,145925,0,5497,33938
4400,/data/ggutierrez/models/4400_resized.mrc,0.018,/data/ggutierrez/dataset/gt/4400_resized_gt.mrc,5,5,145925,145925,0,5497,1350
4670,/data/ggutierrez/models/4670_resized.mrc,0.025,/data/ggutierrez/dataset/gt/4670_resized_gt.mrc,54,54,1389666,1389666,0,18743,27676
4670,/data/ggutierrez/models/4670_resized.mrc,0.025,/data/ggutierrez/dataset/gt/4670_resized_gt.mrc,54,54,1389666,1389666,0,18743,35153
4670,/data/ggutierrez/models/4670_resized.mrc,0.025,/data/ggutierrez/dataset/gt/4670_resized_gt.mrc,54,54,1389666,1389666,0,18743,10081
4670,/data/ggutierrez/models/4670_resized.mrc,0.025,/data/ggutierrez/dataset/gt/4670_resized_gt.mrc,54,54,1389666,1389666,0,18743,33551
4670,/data/ggutierrez/models/4670_resized.mrc,0.025,/data/ggutierrez/dataset/gt/4670_resized_gt.mrc,54,54,1389666,1389666,0,18743,38356
4670,/data/ggutierrez/models/4670_resized.mrc,0.025,/data/ggutierrez/dataset/gt/4670_resized_gt.mrc,54,54,1389666,1389666,0,18743,13812
4670,/data/ggutierrez/models/4670_resized.mrc,0.025,/data/ggutierrez/dataset/gt/4670_resized_gt.mrc,54,54,1389666,1389666,0,18743,34562
4670,/data/ggutierrez/models/4670_resized.mrc,0.025,/data/ggutierrez/dataset/gt/4670_resized_gt.mrc,54,54,1389666,1389666,0,18743,38026
4670,/data/ggutierrez/models/4670_resized.mrc,0.025,/data/ggutierrez/dataset/gt/4670_resized_gt.mrc,54,54,1389666,1389666,0,18743,12883
4670,/data/ggutierrez/models/4670_resized.mrc,0.025,/data/ggutierrez/dataset/gt/4670_resized_gt.mrc,54,54,1389666,1389666,0,18743,26300
4670,/data/ggutierrez/models/4670_resized.mrc,0.025,/data/ggutierrez/dataset/gt/4670_resized_gt.mrc,54,54,1389666,1389666,0,18743,38631
4670,/data/ggutierrez/models/4670_resized.mrc,0.025,/data/ggutierrez/dataset/gt/4670_resized_gt.mrc,54,54,1389666,1389666,0,18743,24882
4670,/data/ggutierrez/models/4670_resized.mrc,0.025,/data/ggutierrez/dataset/gt/4670_resized_gt.mrc,54,54,1389666,1389666,0,18743,12191
4670,/data/ggutierrez/models/4670_resized.mrc,0.025,/data/ggutierrez/dataset/gt/4670_resized_gt.mrc,54,54,1389666,1389666,0,18743,30665
4670,/data/ggutierrez/models/4670_resized.mrc,0.025,/data/ggutierrez/dataset/gt/4670_resized_gt.mrc,54,54,1389666,1389666,0,18743,34059
4670,/data/ggutierrez/models/4670_resized.mrc,0.025,/data/ggutierrez/dataset/gt/4670_resized_gt.mrc,54,54,1389666,1389666,0,18743,10941
4670,/data/ggutierrez/models/4670_resized.mrc,0.025,/data/ggutierrez/dataset/gt/4670_resized_gt.mrc,54,54,1389666,1389666,0,18743,10946
4670,/data/ggutierrez/models/4670_resized.mrc,0.025,/data/ggutierrez/dataset/gt/4670_resized_gt.mrc,54,54,1389666,1389666,0,18743,29504
4670,/data/ggutierrez/models/4670_resized.mrc,0.025,/data/ggutierrez/dataset/gt/4670_resized_gt.mrc,54,54,1389666,1389666,0,18743,37172
4670,/data/ggutierrez/models/4670_resized.mrc,0.025,/data/ggutierrez/dataset/gt/4670_resized_gt.mrc,54,54,1389666,1389666,0,18743,23995
4670,/data/ggutierrez/models/4670_resized.mrc,0.025,/data/ggutierrez/dataset/gt/4670_resized_gt.mrc,54,54,1389666,1389666,0,18743,24195
4670,/data/ggutierrez/models/4670_resized.mrc,0.025,/data/ggutierrez/dataset/gt/4670_resized_gt.mrc,54,54,1389666,1389666,0,18743,27376
4670,/data/ggutierrez/models/4670_resized.mrc,0.025,/data/ggutierrez/dataset/gt/4670_resized_gt.mrc,54,54,1389666,1389666,0,18743,30423
4670,/data/ggutierrez/models/4670_resized.mrc,0.025,/data/ggutierrez/dataset/gt/4670_resized_gt.mrc,54,54,1389666,1389666,0,18743,28902
4670,/data/ggutierrez/models/4670_resized.mrc,0.025,/data/ggutierrez/dataset/gt/4670_resized_gt.mrc,54,54,1389666,1389666,0,18743,21837
4670,/data/ggutierrez/models/4670_resized.mrc,0.025,/data/ggutierrez/dataset/gt/4670_resized_gt.mrc,54,54,1389666,1389666,0,18743,22726
4670,/data/ggutierrez/models/4670_resized.mrc,0.025,/data/ggutierrez/dataset/gt/4670_resized_gt.mrc,54,54,1389666,1389666,0,18743,23974
4670,/data/ggutierrez/models/4670_resized.mrc,0.025,/data/ggutierrez/dataset/gt/4670_resized_gt.mrc,54,54,1389666,1389666,0,18743,24312
4670,/data/ggutierrez/models/4670_resized.mrc,0.025,/data/ggutierrez/dataset/gt/4670_resized_gt.mrc,54,54,1389666,1389666,0,18743,30706
4670,/data/ggutierrez/models/4670_resized.mrc,0.025,/data/ggutierrez/dataset/gt/4670_resized_gt.mrc,54,54,1389666,1389666,0,18743,34097
4670,/data/ggutierrez/models/4670_resized.mrc,0.025,/data/ggutierrez/dataset/gt/4670_resized_gt.mrc,54,54,1389666,1389666,0,18743,11072
4670,/data/ggutierrez/models/4670_resized.mrc,0.025,/data/ggutierrez/dataset/gt/4670_resized_gt.mrc,54,54,1389666,1389666,0,18743,30836
4670,/data/ggutierrez/models/4670_resized.mrc,0.025,/data/ggutierrez/dataset/gt/4670_resized_gt.mrc,54,54,1389666,1389666,0,18743,38820
4670,/data/ggutierrez/models/4670_resized.mrc,0.025,/data/ggutierrez/dataset/gt/4670_resized_gt.mrc,54,54,1389666,1389666,0,18743,26775
4670,/data/ggutierrez/models/4670_resized.mrc,0.025,/data/ggutierrez/dataset/gt/4670_resized_gt.mrc,54,54,1389666,1389666,0,18743,14146
4670,/data/ggutierrez/models/4670_resized.mrc,0.025,/data/ggutierrez/dataset/gt/4670_resized_gt.mrc,54,54,1389666,1389666,0,18743,34942
4670,/data/ggutierrez/models/4670_resized.mrc,0.025,/data/ggutierrez/dataset/gt/4670_resized_gt.mrc,54,54,1389666,1389666,0,18743,37038
4670,/data/ggutierrez/models/4670_resized.mrc,0.025,/data/ggutierrez/dataset/gt/4670_resized_gt.mrc,54,54,1389666,1389666,0,18743,8343
4670,/data/ggutierrez/models/4670_resized.mrc,0.025,/data/ggutierrez/dataset/gt/4670_resized_gt.mrc,54,54,1389666,1389666,0,18743,29924
4670,/data/ggutierrez/models/4670_resized.mrc,0.025,/data/ggutierrez/dataset/gt/4670_resized_gt.mrc,54,54,1389666,1389666,0,18743,36701
4670,/data/ggutierrez/models/4670_resized.mrc,0.025,/data/ggutierrez/dataset/gt/4670_resized_gt.mrc,54,54,1389666,1389666,0,18743,14388
4670,/data/ggutierrez/models/4670_resized.mrc,0.025,/data/ggutierrez/dataset/gt/4670_resized_gt.mrc,54,54,1389666,1389666,0,18743,30710
4670,/data/ggutierrez/models/4670_resized.mrc,0.025,/data/ggutierrez/dataset/gt/4670_resized_gt.mrc,54,54,1389666,1389666,0,18743,35267
4670,/data/ggutierrez/models/4670_resized.mrc,0.025,/data/ggutierrez/dataset/gt/4670_resized_gt.mrc,54,54,1389666,1389666,0,18743,10975
4670,/data/ggutierrez/models/4670_resized.mrc,0.025,/data/ggutierrez/dataset/gt/4670_resized_gt.mrc,54,54,1389666,1389666,0,18743,19920
4670,/data/ggutierrez/models/4670_resized.mrc,0.025,/data/ggutierrez/dataset/gt/4670_resized_gt.mrc,54,54,1389666,1389666,0,18743,11774
4670,/data/ggutierrez/models/4670_resized.mrc,0.025,/data/ggutierrez/dataset/gt/4670_resized_gt.mrc,54,54,1389666,1389666,0,18743,33240
4670,/data/ggutierrez/models/4670_resized.mrc,0.025,/data/ggutierrez/dataset/gt/4670_resized_gt.mrc,54,54,1389666,1389666,0,18743,37622
4670,/data/ggutierrez/models/4670_resized.mrc,0.025,/data/ggutierrez/dataset/gt/4670_resized_gt.mrc,54,54,1389666,1389666,0,18743,7437
4670,/data/ggutierrez/models/4670_resized.mrc,0.025,/data/ggutierrez/dataset/gt/4670_resized_gt.mrc,54,54,1389666,1389666,0,18743,23049
4670,/data/ggutierrez/models/4670_resized.mrc,0.025,/data/ggutierrez/dataset/gt/4670_resized_gt.mrc,54,54,1389666,1389666,0,18743,22259
4670,/data/ggutierrez/models/4670_resized.mrc,0.025,/data/ggutierrez/dataset/gt/4670_resized_gt.mrc,54,54,1389666,1389666,0,18743,22463
4670,/data/ggutierrez/models/4670_resized.mrc,0.025,/data/ggutierrez/dataset/gt/4670_resized_gt.mrc,54,54,1389666,1389666,0,18743,27027
4670,/data/ggutierrez/models/4670_resized.mrc,0.025,/data/ggutierrez/dataset/gt/4670_resized_gt.mrc,54,54,1389666,1389666,0,18743,33004
4671,/data/ggutierrez/models/4671_resized.mrc,0.015,/data/ggutierrez/dataset/gt/4671_resized_gt.mrc,54,54,2346415,1985706,360709,292611,34827
4671,/data/ggutierrez/models/4671_resized.mrc,0.015,/data/ggutierrez/dataset/gt/4671_resized_gt.mrc,54,54,2346415,1985706,360709,292611,52443
4671,/data/ggutierrez/models/4671_resized.mrc,0.015,/data/ggutierrez/dataset/gt/4671_resized_gt.mrc,54,54,2346415,1985706,360709,292611,7289
4671,/data/ggutierrez/models/4671_resized.mrc,0.015,/data/ggutierrez/dataset/gt/4671_resized_gt.mrc,54,54,2346415,1985706,360709,292611,46652
4671,/data/ggutierrez/models/4671_resized.mrc,0.015,/data/ggutierrez/dataset/gt/4671_resized_gt.mrc,54,54,2346415,1985706,360709,292611,53514
4671,/data/ggutierrez/models/4671_resized.mrc,0.015,/data/ggutierrez/dataset/gt/4671_resized_gt.mrc,54,54,2346415,1985706,360709,292611,8837
4671,/data/ggutierrez/models/4671_resized.mrc,0.015,/data/ggutierrez/dataset/gt/4671_resized_gt.mrc,54,54,2346415,1985706,360709,292611,48818
4671,/data/ggutierrez/models/4671_resized.mrc,0.015,/data/ggutierrez/dataset/gt/4671_resized_gt.mrc,54,54,2346415,1985706,360709,292611,47170
4671,/data/ggutierrez/models/4671_resized.mrc,0.015,/data/ggutierrez/dataset/gt/4671_resized_gt.mrc,54,54,2346415,1985706,360709,292611,8696
4671,/data/ggutierrez/models/4671_resized.mrc,0.015,/data/ggutierrez/dataset/gt/4671_resized_gt.mrc,54,54,2346415,1985706,360709,292611,39204
4671,/data/ggutierrez/models/4671_resized.mrc,0.015,/data/ggutierrez/dataset/gt/4671_resized_gt.mrc,54,54,2346415,1985706,360709,292611,53829
4671,/data/ggutierrez/models/4671_resized.mrc,0.015,/data/ggutierrez/dataset/gt/4671_resized_gt.mrc,54,54,2346415,1985706,360709,292611,34995
4671,/data/ggutierrez/models/4671_resized.mrc,0.015,/data/ggutierrez/dataset/gt/4671_resized_gt.mrc,54,54,2346415,1985706,360709,292611,9101
4671,/data/ggutierrez/models/4671_resized.mrc,0.015,/data/ggutierrez/dataset/gt/4671_resized_gt.mrc,54,54,2346415,1985706,360709,292611,37696
4671,/data/ggutierrez/models/4671_resized.mrc,0.015,/data/ggutierrez/dataset/gt/4671_resized_gt.mrc,54,54,2346415,1985706,360709,292611,54891
4671,/data/ggutierrez/models/4671_resized.mrc,0.015,/data/ggutierrez/dataset/gt/4671_resized_gt.mrc,54,54,2346415,1985706,360709,292611,6770
4671,/data/ggutierrez/models/4671_resized.mrc,0.015,/data/ggutierrez/dataset/gt/4671_resized_gt.mrc,54,54,2346415,1985706,360709,292611,7163
4671,/data/ggutierrez/models/4671_resized.mrc,0.015,/data/ggutierrez/dataset/gt/4671_resized_gt.mrc,54,54,2346415,1985706,360709,292611,50771
4671,/data/ggutierrez/models/4671_resized.mrc,0.015,/data/ggutierrez/dataset/gt/4671_resized_gt.mrc,54,54,2346415,1985706,360709,292611,55347
4671,/data/ggutierrez/models/4671_resized.mrc,0.015,/data/ggutierrez/dataset/gt/4671_resized_gt.mrc,54,54,2346415,1985706,360709,292611,50825
4671,/data/ggutierrez/models/4671_resized.mrc,0.015,/data/ggutierrez/dataset/gt/4671_resized_gt.mrc,54,54,2346415,1985706,360709,292611,35612
4671,/data/ggutierrez/models/4671_resized.mrc,0.015,/data/ggutierrez/dataset/gt/4671_resized_gt.mrc,54,54,2346415,1985706,360709,292611,57907
4671,/data/ggutierrez/models/4671_resized.mrc,0.015,/data/ggutierrez/dataset/gt/4671_resized_gt.mrc,54,54,2346415,1985706,360709,292611,37907
4671,/data/ggutierrez/models/4671_resized.mrc,0.015,/data/ggutierrez/dataset/gt/4671_resized_gt.mrc,54,54,2346415,1985706,360709,292611,46294
4671,/data/ggutierrez/models/4671_resized.mrc,0.015,/data/ggutierrez/dataset/gt/4671_resized_gt.mrc,54,54,2346415,1985706,360709,292611,32165
4671,/data/ggutierrez/models/4671_resized.mrc,0.015,/data/ggutierrez/dataset/gt/4671_resized_gt.mrc,54,54,2346415,1985706,360709,292611,40162
4671,/data/ggutierrez/models/4671_resized.mrc,0.015,/data/ggutierrez/dataset/gt/4671_resized_gt.mrc,54,54,2346415,1985706,360709,292611,38934
4671,/data/ggutierrez/models/4671_resized.mrc,0.015,/data/ggutierrez/dataset/gt/4671_resized_gt.mrc,54,54,2346415,1985706,360709,292611,38312
4671,/data/ggutierrez/models/4671_resized.mrc,0.015,/data/ggutierrez/dataset/gt/4671_resized_gt.mrc,54,54,2346415,1985706,360709,292611,39566
4671,/data/ggutierrez/models/4671_resized.mrc,0.015,/data/ggutierrez/dataset/gt/4671_resized_gt.mrc,54,54,2346415,1985706,360709,292611,55713
4671,/data/ggutierrez/models/4671_resized.mrc,0.015,/data/ggutierrez/dataset/gt/4671_resized_gt.mrc,54,54,2346415,1985706,360709,292611,8322
4671,/data/ggutierrez/models/4671_resized.mrc,0.015,/data/ggutierrez/dataset/gt/4671_resized_gt.mrc,54,54,2346415,1985706,360709,292611,51464
4671,/data/ggutierrez/models/4671_resized.mrc,0.015,/data/ggutierrez/dataset/gt/4671_resized_gt.mrc,54,54,2346415,1985706,360709,292611,65945
4671,/data/ggutierrez/models/4671_resized.mrc,0.015,/data/ggutierrez/dataset/gt/4671_resized_gt.mrc,54,54,2346415,1985706,360709,292611,46955
4671,/data/ggutierrez/models/4671_resized.mrc,0.015,/data/ggutierrez/dataset/gt/4671_resized_gt.mrc,54,54,2346415,1985706,360709,292611,8807
4671,/data/ggutierrez/models/4671_resized.mrc,0.015,/data/ggutierrez/dataset/gt/4671_resized_gt.mrc,54,54,2346415,1985706,360709,292611,49704
4671,/data/ggutierrez/models/4671_resized.mrc,0.015,/data/ggutierrez/dataset/gt/4671_resized_gt.mrc,54,54,2346415,1985706,360709,292611,53118
4671,/data/ggutierrez/models/4671_resized.mrc,0.015,/data/ggutierrez/dataset/gt/4671_resized_gt.mrc,54,54,2346415,1985706,360709,292611,7864
4671,/data/ggutierrez/models/4671_resized.mrc,0.015,/data/ggutierrez/dataset/gt/4671_resized_gt.mrc,54,54,2346415,1985706,360709,292611,43762
4671,/data/ggutierrez/models/4671_resized.mrc,0.015,/data/ggutierrez/dataset/gt/4671_resized_gt.mrc,54,54,2346415,1985706,360709,292611,59712
4671,/data/ggutierrez/models/4671_resized.mrc,0.015,/data/ggutierrez/dataset/gt/4671_resized_gt.mrc,54,54,2346415,1985706,360709,292611,7002
4671,/data/ggutierrez/models/4671_resized.mrc,0.015,/data/ggutierrez/dataset/gt/4671_resized_gt.mrc,54,54,2346415,1985706,360709,292611,38936
4671,/data/ggutierrez/models/4671_resized.mrc,0.015,/data/ggutierrez/dataset/gt/4671_resized_gt.mrc,54,54,2346415,1985706,360709,292611,52725
4671,/data/ggutierrez/models/4671_resized.mrc,0.015,/data/ggutierrez/dataset/gt/4671_resized_gt.mrc,54,54,2346415,1985706,360709,292611,6793
4671,/data/ggutierrez/models/4671_resized.mrc,0.015,/data/ggutierrez/dataset/gt/4671_resized_gt.mrc,54,54,2346415,1985706,360709,292611,31015
4671,/data/ggutierrez/models/4671_resized.mrc,0.015,/data/ggutierrez/dataset/gt/4671_resized_gt.mrc,54,54,2346415,1985706,360709,292611,5404
4671,/data/ggutierrez/models/4671_resized.mrc,0.015,/data/ggutierrez/dataset/gt/4671_resized_gt.mrc,54,54,2346415,1985706,360709,292611,50340
4671,/data/ggutierrez/models/4671_resized.mrc,0.015,/data/ggutierrez/dataset/gt/4671_resized_gt.mrc,54,54,2346415,1985706,360709,292611,52431
4671,/data/ggutierrez/models/4671_resized.mrc,0.015,/data/ggutierrez/dataset/gt/4671_resized_gt.mrc,54,54,2346415,1985706,360709,292611,26046
4671,/data/ggutierrez/models/4671_resized.mrc,0.015,/data/ggutierrez/dataset/gt/4671_resized_gt.mrc,54,54,2346415,1985706,360709,292611,46673
4671,/data/ggutierrez/models/4671_resized.mrc,0.015,/data/ggutierrez/dataset/gt/4671_resized_gt.mrc,54,54,2346415,1985706,360709,292611,37185
4671,/data/ggutierrez/models/4671_resized.mrc,0.015,/data/ggutierrez/dataset/gt/4671_resized_gt.mrc,54,54,2346415,1985706,360709,292611,34722
4671,/data/ggutierrez/models/4671_resized.mrc,0.015,/data/ggutierrez/dataset/gt/4671_resized_gt.mrc,54,54,2346415,1985706,360709,292611,40470
4671,/data/ggutierrez/models/4671_resized.mrc,0.015,/data/ggutierrez/dataset/gt/4671_resized_gt.mrc,54,54,2346415,1985706,360709,292611,28901
4736,/data/ggutierrez/models/4736_resized.mrc,6.0,/data/ggutierrez/dataset/gt/4736_resized_gt.mrc,13,13,300816,300816,0,23378,31484
4736,/data/ggutierrez/models/4736_resized.mrc,6.0,/data/ggutierrez/dataset/gt/4736_resized_gt.mrc,13,13,300816,300816,0,23378,11090
4736,/data/ggutierrez/models/4736_resized.mrc,6.0,/data/ggutierrez/dataset/gt/4736_resized_gt.mrc,13,13,300816,300816,0,23378,10121
4736,/data/ggutierrez/models/4736_resized.mrc,6.0,/data/ggutierrez/dataset/gt/4736_resized_gt.mrc,13,13,300816,300816,0,23378,10271
4736,/data/ggutierrez/models/4736_resized.mrc,6.0,/data/ggutierrez/dataset/gt/4736_resized_gt.mrc,13,13,300816,300816,0,23378,19381
4736,/data/ggutierrez/models/4736_resized.mrc,6.0,/data/ggutierrez/dataset/gt/4736_resized_gt.mrc,13,13,300816,300816,0,23378,38746
4736,/data/ggutierrez/models/4736_resized.mrc,6.0,/data/ggutierrez/dataset/gt/4736_resized_gt.mrc,13,13,300816,300816,0,23378,38322
4736,/data/ggutierrez/models/4736_resized.mrc,6.0,/data/ggutierrez/dataset/gt/4736_resized_gt.mrc,13,13,300816,300816,0,23378,40773
4736,/data/ggutierrez/models/4736_resized.mrc,6.0,/data/ggutierrez/dataset/gt/4736_resized_gt.mrc,13,13,300816,300816,0,23378,3890
4736,/data/ggutierrez/models/4736_resized.mrc,6.0,/data/ggutierrez/dataset/gt/4736_resized_gt.mrc,13,13,300816,300816,0,23378,11968
4736,/data/ggutierrez/models/4736_resized.mrc,6.0,/data/ggutierrez/dataset/gt/4736_resized_gt.mrc,13,13,300816,300816,0,23378,22051
4736,/data/ggutierrez/models/4736_resized.mrc,6.0,/data/ggutierrez/dataset/gt/4736_resized_gt.mrc,13,13,300816,300816,0,23378,55850
4736,/data/ggutierrez/models/4736_resized.mrc,6.0,/data/ggutierrez/dataset/gt/4736_resized_gt.mrc,13,13,300816,300816,0,23378,6869
4739,/data/ggutierrez/models/4739_resized.mrc,6.0,/data/ggutierrez/dataset/gt/4739_resized_gt.mrc,14,14,326506,326506,0,24892,28728
4739,/data/ggutierrez/models/4739_resized.mrc,6.0,/data/ggutierrez/dataset/gt/4739_resized_gt.mrc,14,14,326506,326506,0,24892,1432
4739,/data/ggutierrez/models/4739_resized.mrc,6.0,/data/ggutierrez/dataset/gt/4739_resized_gt.mrc,14,14,326506,326506,0,24892,9279
4739,/data/ggutierrez/models/4739_resized.mrc,6.0,/data/ggutierrez/dataset/gt/4739_resized_gt.mrc,14,14,326506,326506,0,24892,61915
4739,/data/ggutierrez/models/4739_resized.mrc,6.0,/data/ggutierrez/dataset/gt/4739_resized_gt.mrc,14,14,326506,326506,0,24892,8423
4739,/data/ggutierrez/models/4739_resized.mrc,6.0,/data/ggutierrez/dataset/gt/4739_resized_gt.mrc,14,14,326506,326506,0,24892,1219
4739,/data/ggutierrez/models/4739_resized.mrc,6.0,/data/ggutierrez/dataset/gt/4739_resized_gt.mrc,14,14,326506,326506,0,24892,34540
4739,/data/ggutierrez/models/4739_resized.mrc,6.0,/data/ggutierrez/dataset/gt/4739_resized_gt.mrc,14,14,326506,326506,0,24892,42217
4739,/data/ggutierrez/models/4739_resized.mrc,6.0,/data/ggutierrez/dataset/gt/4739_resized_gt.mrc,14,14,326506,326506,0,24892,33334
4739,/data/ggutierrez/models/4739_resized.mrc,6.0,/data/ggutierrez/dataset/gt/4739_resized_gt.mrc,14,14,326506,326506,0,24892,16870
4739,/data/ggutierrez/models/4739_resized.mrc,6.0,/data/ggutierrez/dataset/gt/4739_resized_gt.mrc,14,14,326506,326506,0,24892,29580
4739,/data/ggutierrez/models/4739_resized.mrc,6.0,/data/ggutierrez/dataset/gt/4739_resized_gt.mrc,14,14,326506,326506,0,24892,25578
4739,/data/ggutierrez/models/4739_resized.mrc,6.0,/data/ggutierrez/dataset/gt/4739_resized_gt.mrc,14,14,326506,326506,0,24892,25794
4739,/data/ggutierrez/models/4739_resized.mrc,6.0,/data/ggutierrez/dataset/gt/4739_resized_gt.mrc,14,14,326506,326506,0,24892,7597
4741,/data/ggutierrez/models/4741_resized.mrc,6.0,/data/ggutierrez/dataset/gt/4741_resized_gt.mrc,12,12,357501,357501,0,11798,26234
4741,/data/ggutierrez/models/4741_resized.mrc,6.0,/data/ggutierrez/dataset/gt/4741_resized_gt.mrc,12,12,357501,357501,0,11798,28184
4741,/data/ggutierrez/models/4741_resized.mrc,6.0,/data/ggutierrez/dataset/gt/4741_resized_gt.mrc,12,12,357501,357501,0,11798,26980
4741,/data/ggutierrez/models/4741_resized.mrc,6.0,/data/ggutierrez/dataset/gt/4741_resized_gt.mrc,12,12,357501,357501,0,11798,10256
4741,/data/ggutierrez/models/4741_resized.mrc,6.0,/data/ggutierrez/dataset/gt/4741_resized_gt.mrc,12,12,357501,357501,0,11798,7858
4741,/data/ggutierrez/models/4741_resized.mrc,6.0,/data/ggutierrez/dataset/gt/4741_resized_gt.mrc,12,12,357501,357501,0,11798,68938
4741,/data/ggutierrez/models/4741_resized.mrc,6.0,/data/ggutierrez/dataset/gt/4741_resized_gt.mrc,12,12,357501,357501,0,11798,11846
4741,/data/ggutierrez/models/4741_resized.mrc,6.0,/data/ggutierrez/dataset/gt/4741_resized_gt.mrc,12,12,357501,357501,0,11798,51508
4741,/data/ggutierrez/models/4741_resized.mrc,6.0,/data/ggutierrez/dataset/gt/4741_resized_gt.mrc,12,12,357501,357501,0,11798,39186
4741,/data/ggutierrez/models/4741_resized.mrc,6.0,/data/ggutierrez/dataset/gt/4741_resized_gt.mrc,12,12,357501,357501,0,11798,29669
4741,/data/ggutierrez/models/4741_resized.mrc,6.0,/data/ggutierrez/dataset/gt/4741_resized_gt.mrc,12,12,357501,357501,0,11798,24490
4741,/data/ggutierrez/models/4741_resized.mrc,6.0,/data/ggutierrez/dataset/gt/4741_resized_gt.mrc,12,12,357501,357501,0,11798,32352
4744,/data/ggutierrez/models/4744_resized.mrc,3.65,/data/ggutierrez/dataset/gt/4744_resized_gt.mrc,10,10,551217,548003,3214,202991,77764
4744,/data/ggutierrez/models/4744_resized.mrc,3.65,/data/ggutierrez/dataset/gt/4744_resized_gt.mrc,10,10,551217,548003,3214,202991,84236
4744,/data/ggutierrez/models/4744_resized.mrc,3.65,/data/ggutierrez/dataset/gt/4744_resized_gt.mrc,10,10,551217,548003,3214,202991,76162
4744,/data/ggutierrez/models/4744_resized.mrc,3.65,/data/ggutierrez/dataset/gt/4744_resized_gt.mrc,10,10,551217,548003,3214,202991,35123
4744,/data/ggutierrez/models/4744_resized.mrc,3.65,/data/ggutierrez/dataset/gt/4744_resized_gt.mrc,10,10,551217,548003,3214,202991,27205
4744,/data/ggutierrez/models/4744_resized.mrc,3.65,/data/ggutierrez/dataset/gt/4744_resized_gt.mrc,10,10,551217,548003,3214,202991,20867
4744,/data/ggutierrez/models/4744_resized.mrc,3.65,/data/ggutierrez/dataset/gt/4744_resized_gt.mrc,10,10,551217,548003,3214,202991,8735
4744,/data/ggutierrez/models/4744_resized.mrc,3.65,/data/ggutierrez/dataset/gt/4744_resized_gt.mrc,10,10,551217,548003,3214,202991,66684
4744,/data/ggutierrez/models/4744_resized.mrc,3.65,/data/ggutierrez/dataset/gt/4744_resized_gt.mrc,10,10,551217,548003,3214,202991,36765
4744,/data/ggutierrez/models/4744_resized.mrc,3.65,/data/ggutierrez/dataset/gt/4744_resized_gt.mrc,10,10,551217,548003,3214,202991,114462
4913,/data/ggutierrez/models/4913_resized.mrc,0.0107,/data/ggutierrez/dataset/gt/4913_resized_gt.mrc,8,8,432912,432912,0,118706,80089
4913,/data/ggutierrez/models/4913_resized.mrc,0.0107,/data/ggutierrez/dataset/gt/4913_resized_gt.mrc,8,8,432912,432912,0,118706,80533
4913,/data/ggutierrez/models/4913_resized.mrc,0.0107,/data/ggutierrez/dataset/gt/4913_resized_gt.mrc,8,8,432912,432912,0,118706,106914
4913,/data/ggutierrez/models/4913_resized.mrc,0.0107,/data/ggutierrez/dataset/gt/4913_resized_gt.mrc,8,8,432912,432912,0,118706,99191
4913,/data/ggutierrez/models/4913_resized.mrc,0.0107,/data/ggutierrez/dataset/gt/4913_resized_gt.mrc,8,8,432912,432912,0,118706,12448
4913,/data/ggutierrez/models/4913_resized.mrc,0.0107,/data/ggutierrez/dataset/gt/4913_resized_gt.mrc,8,8,432912,432912,0,118706,13697
4913,/data/ggutierrez/models/4913_resized.mrc,0.0107,/data/ggutierrez/dataset/gt/4913_resized_gt.mrc,8,8,432912,432912,0,118706,21680
4913,/data/ggutierrez/models/4913_resized.mrc,0.0107,/data/ggutierrez/dataset/gt/4913_resized_gt.mrc,8,8,432912,432912,0,118706,18360
4940,/data/ggutierrez/models/4940_resized.mrc,0.01,/data/ggutierrez/dataset/gt/4940_resized_gt.mrc,7,7,681616,658840,22776,237511,99186
4940,/data/ggutierrez/models/4940_resized.mrc,0.01,/data/ggutierrez/dataset/gt/4940_resized_gt.mrc,7,7,681616,658840,22776,237511,92935
4940,/data/ggutierrez/models/4940_resized.mrc,0.01,/data/ggutierrez/dataset/gt/4940_resized_gt.mrc,7,7,681616,658840,22776,237511,94182
4940,/data/ggutierrez/models/4940_resized.mrc,0.01,/data/ggutierrez/dataset/gt/4940_resized_gt.mrc,7,7,681616,658840,22776,237511,115770
4940,/data/ggutierrez/models/4940_resized.mrc,0.01,/data/ggutierrez/dataset/gt/4940_resized_gt.mrc,7,7,681616,658840,22776,237511,128701
4940,/data/ggutierrez/models/4940_resized.mrc,0.01,/data/ggutierrez/dataset/gt/4940_resized_gt.mrc,7,7,681616,658840,22776,237511,118762
4940,/data/ggutierrez/models/4940_resized.mrc,0.01,/data/ggutierrez/dataset/gt/4940_resized_gt.mrc,7,7,681616,658840,22776,237511,9304
6913,/data/ggutierrez/models/6913_resized.mrc,0.01,/data/ggutierrez/dataset/gt/6913_resized_gt.mrc,8,8,747090,747090,0,262413,226093
6913,/data/ggutierrez/models/6913_resized.mrc,0.01,/data/ggutierrez/dataset/gt/6913_resized_gt.mrc,8,8,747090,747090,0,262413,224667
6913,/data/ggutierrez/models/6913_resized.mrc,0.01,/data/ggutierrez/dataset/gt/6913_resized_gt.mrc,8,8,747090,747090,0,262413,47447
6913,/data/ggutierrez/models/6913_resized.mrc,0.01,/data/ggutierrez/dataset/gt/6913_resized_gt.mrc,8,8,747090,747090,0,262413,47788
6913,/data/ggutierrez/models/6913_resized.mrc,0.01,/data/ggutierrez/dataset/gt/6913_resized_gt.mrc,8,8,747090,747090,0,262413,86986
6913,/data/ggutierrez/models/6913_resized.mrc,0.01,/data/ggutierrez/dataset/gt/6913_resized_gt.mrc,8,8,747090,747090,0,262413,88819
6913,/data/ggutierrez/models/6913_resized.mrc,0.01,/data/ggutierrez/dataset/gt/6913_resized_gt.mrc,8,8,747090,747090,0,262413,12516
6913,/data/ggutierrez/models/6913_resized.mrc,0.01,/data/ggutierrez/dataset/gt/6913_resized_gt.mrc,8,8,747090,747090,0,262413,12774
6928,/data/ggutierrez/models/6928_resized.mrc,0.02,/data/ggutierrez/dataset/gt/6928_resized_gt.mrc,6,6,89654,88615,1039,7286,16654
6928,/data/ggutierrez/models/6928_resized.mrc,0.02,/data/ggutierrez/dataset/gt/6928_resized_gt.mrc,6,6,89654,88615,1039,7286,17554
6928,/data/ggutierrez/models/6928_resized.mrc,0.02,/data/ggutierrez/dataset/gt/6928_resized_gt.mrc,6,6,89654,88615,1039,7286,17858
6928,/data/ggutierrez/models/6928_resized.mrc,0.02,/data/ggutierrez/dataset/gt/6928_resized_gt.mrc,6,6,89654,88615,1039,7286,17299
6928,/data/ggutierrez/models/6928_resized.mrc,0.02,/data/ggutierrez/dataset/gt/6928_resized_gt.mrc,6,6,89654,88615,1039,7286,17698
6928,/data/ggutierrez/models/6928_resized.mrc,0.02,/data/ggutierrez/dataset/gt/6928_resized_gt.mrc,6,6,89654,88615,1039,7286,1552
7031,/data/ggutierrez/models/7031_resized.mrc,0.05,/data/ggutierrez/dataset/gt/7031_resized_gt.mrc,4,4,53936,52923,1013,18341,25441
7031,/data/ggutierrez/models/7031_resized.mrc,0.05,/data/ggutierrez/dataset/gt/7031_resized_gt.mrc,4,4,53936,52923,1013,18341,17792
7031,/data/ggutierrez/models/7031_resized.mrc,0.05,/data/ggutierrez/dataset/gt/7031_resized_gt.mrc,4,4,53936,52923,1013,18341,3333
7031,/data/ggutierrez/models/7031_resized.mrc,0.05,/data/ggutierrez/dataset/gt/7031_resized_gt.mrc,4,4,53936,52923,1013,18341,6357
7103,/data/ggutierrez/models/7103_resized.mrc,0.006,/data/ggutierrez/dataset/gt/7103_resized_gt.mrc,8,8,364331,364321,10,121809,7074
7103,/data/ggutierrez/models/7103_resized.mrc,0.006,/data/ggutierrez/dataset/gt/7103_resized_gt.mrc,8,8,364331,364321,10,121809,6539
7103,/data/ggutierrez/models/7103_resized.mrc,0.006,/data/ggutierrez/dataset/gt/7103_resized_gt.mrc,8,8,364331,364321,10,121809,3745
7103,/data/ggutierrez/models/7103_resized.mrc,0.006,/data/ggutierrez/dataset/gt/7103_resized_gt.mrc,8,8,364331,364321,10,121809,23281
7103,/data/ggutierrez/models/7103_resized.mrc,0.006,/data/ggutierrez/dataset/gt/7103_resized_gt.mrc,8,8,364331,364321,10,121809,29564
7103,/data/ggutierrez/models/7103_resized.mrc,0.006,/data/ggutierrez/dataset/gt/7103_resized_gt.mrc,8,8,364331,364321,10,121809,135558
7103,/data/ggutierrez/models/7103_resized.mrc,0.006,/data/ggutierrez/dataset/gt/7103_resized_gt.mrc,8,8,364331,364321,10,121809,149992
7103,/data/ggutierrez/models/7103_resized.mrc,0.006,/data/ggutierrez/dataset/gt/7103_resized_gt.mrc,8,8,364331,364321,10,121809,8568
7305,/data/ggutierrez/models/7305_resized.mrc,0.02,/data/ggutierrez/dataset/gt/7305_resized_gt.mrc,8,8,246244,246244,0,244482,30977
7305,/data/ggutierrez/models/7305_resized.mrc,0.02,/data/ggutierrez/dataset/gt/7305_resized_gt.mrc,8,8,246244,246244,0,244482,30760
7305,/data/ggutierrez/models/7305_resized.mrc,0.02,/data/ggutierrez/dataset/gt/7305_resized_gt.mrc,8,8,246244,246244,0,244482,31158
7305,/data/ggutierrez/models/7305_resized.mrc,0.02,/data/ggutierrez/dataset/gt/7305_resized_gt.mrc,8,8,246244,246244,0,244482,30748
7305,/data/ggutierrez/models/7305_resized.mrc,0.02,/data/ggutierrez/dataset/gt/7305_resized_gt.mrc,8,8,246244,246244,0,244482,30567
7305,/data/ggutierrez/models/7305_resized.mrc,0.02,/data/ggutierrez/dataset/gt/7305_resized_gt.mrc,8,8,246244,246244,0,244482,31050
7305,/data/ggutierrez/models/7305_resized.mrc,0.02,/data/ggutierrez/dataset/gt/7305_resized_gt.mrc,8,8,246244,246244,0,244482,30722
7305,/data/ggutierrez/models/7305_resized.mrc,0.02,/data/ggutierrez/dataset/gt/7305_resized_gt.mrc,8,8,246244,246244,0,244482,30262
8097,/data/ggutierrez/models/8097_resized.mrc,0.022,/data/ggutierrez/dataset/gt/8097_resized_gt.mrc,4,4,251790,241891,9899,83807,64051
8097,/data/ggutierrez/models/8097_resized.mrc,0.022,/data/ggutierrez/dataset/gt/8097_resized_gt.mrc,4,4,251790,241891,9899,83807,62383
8097,/data/ggutierrez/models/8097_resized.mrc,0.022,/data/ggutierrez/dataset/gt/8097_resized_gt.mrc,4,4,251790,241891,9899,83807,57077
8097,/data/ggutierrez/models/8097_resized.mrc,0.022,/data/ggutierrez/dataset/gt/8097_resized_gt.mrc,4,4,251790,241891,9899,83807,58380
8229,/data/ggutierrez/models/8229_resized.mrc,0.019,/data/ggutierrez/dataset/gt/8229_resized_gt.mrc,4,4,255775,251978,3797,6361,56826
8229,/data/ggutierrez/models/8229_resized.mrc,0.019,/data/ggutierrez/dataset/gt/8229_resized_gt.mrc,4,4,255775,251978,3797,6361,63912
8229,/data/ggutierrez/models/8229_resized.mrc,0.019,/data/ggutierrez/dataset/gt/8229_resized_gt.mrc,4,4,255775,251978,3797,6361,63073
8229,/data/ggutierrez/models/8229_resized.mrc,0.019,/data/ggutierrez/dataset/gt/8229_resized_gt.mrc,4,4,255775,251978,3797,6361,68167
8230,/data/ggutierrez/models/8230_resized.mrc,0.019,/data/ggutierrez/dataset/gt/8230_resized_gt.mrc,4,4,253513,252819,694,28399,69023
8230,/data/ggutierrez/models/8230_resized.mrc,0.019,/data/ggutierrez/dataset/gt/8230_resized_gt.mrc,4,4,253513,252819,694,28399,62572
8230,/data/ggutierrez/models/8230_resized.mrc,0.019,/data/ggutierrez/dataset/gt/8230_resized_gt.mrc,4,4,253513,252819,694,28399,61362
8230,/data/ggutierrez/models/8230_resized.mrc,0.019,/data/ggutierrez/dataset/gt/8230_resized_gt.mrc,4,4,253513,252819,694,28399,59862
8231,/data/ggutierrez/models/8231_resized.mrc,0.019,/data/ggutierrez/dataset/gt/8231_resized_gt.mrc,4,4,270280,269588,692,6739,68896
8231,/data/ggutierrez/models/8231_resized.mrc,0.019,/data/ggutierrez/dataset/gt/8231_resized_gt.mrc,4,4,270280,269588,692,6739,64299
8231,/data/ggutierrez/models/8231_resized.mrc,0.019,/data/ggutierrez/dataset/gt/8231_resized_gt.mrc,4,4,270280,269588,692,6739,71944
8231,/data/ggutierrez/models/8231_resized.mrc,0.019,/data/ggutierrez/dataset/gt/8231_resized_gt.mrc,4,4,270280,269588,692,6739,64449
8287,/data/ggutierrez/models/8287_resized.mrc,0.45,/data/ggutierrez/dataset/gt/8287_resized_gt.mrc,26,18,212024,184607,27417,104893,0
8287,/data/ggutierrez/models/8287_resized.mrc,0.45,/data/ggutierrez/dataset/gt/8287_resized_gt.mrc,26,18,212024,184607,27417,104893,7036
8287,/data/ggutierrez/models/8287_resized.mrc,0.45,/data/ggutierrez/dataset/gt/8287_resized_gt.mrc,26,18,212024,184607,27417,104893,9948
8287,/data/ggutierrez/models/8287_resized.mrc,0.45,/data/ggutierrez/dataset/gt/8287_resized_gt.mrc,26,18,212024,184607,27417,104893,18477
8287,/data/ggutierrez/models/8287_resized.mrc,0.45,/data/ggutierrez/dataset/gt/8287_resized_gt.mrc,26,18,212024,184607,27417,104893,14061
8287,/data/ggutierrez/models/8287_resized.mrc,0.45,/data/ggutierrez/dataset/gt/8287_resized_gt.mrc,26,18,212024,184607,27417,104893,23726
8287,/data/ggutierrez/models/8287_resized.mrc,0.45,/data/ggutierrez/dataset/gt/8287_resized_gt.mrc,26,18,212024,184607,27417,104893,12642
8287,/data/ggutierrez/models/8287_resized.mrc,0.45,/data/ggutierrez/dataset/gt/8287_resized_gt.mrc,26,18,212024,184607,27417,104893,24787
8287,/data/ggutierrez/models/8287_resized.mrc,0.45,/data/ggutierrez/dataset/gt/8287_resized_gt.mrc,26,18,212024,184607,27417,104893,14469
8287,/data/ggutierrez/models/8287_resized.mrc,0.45,/data/ggutierrez/dataset/gt/8287_resized_gt.mrc,26,18,212024,184607,27417,104893,19768
8287,/data/ggutierrez/models/8287_resized.mrc,0.45,/data/ggutierrez/dataset/gt/8287_resized_gt.mrc,26,18,212024,184607,27417,104893,15659
8287,/data/ggutierrez/models/8287_resized.mrc,0.45,/data/ggutierrez/dataset/gt/8287_resized_gt.mrc,26,18,212024,184607,27417,104893,0
8287,/data/ggutierrez/models/8287_resized.mrc,0.45,/data/ggutierrez/dataset/gt/8287_resized_gt.mrc,26,18,212024,184607,27417,104893,11048
8287,/data/ggutierrez/models/8287_resized.mrc,0.45,/data/ggutierrez/dataset/gt/8287_resized_gt.mrc,26,18,212024,184607,27417,104893,8639
8287,/data/ggutierrez/models/8287_resized.mrc,0.45,/data/ggutierrez/dataset/gt/8287_resized_gt.mrc,26,18,212024,184607,27417,104893,1223
8287,/data/ggutierrez/models/8287_resized.mrc,0.45,/data/ggutierrez/dataset/gt/8287_resized_gt.mrc,26,18,212024,184607,27417,104893,0
8287,/data/ggutierrez/models/8287_resized.mrc,0.45,/data/ggutierrez/dataset/gt/8287_resized_gt.mrc,26,18,212024,184607,27417,104893,0
8287,/data/ggutierrez/models/8287_resized.mrc,0.45,/data/ggutierrez/dataset/gt/8287_resized_gt.mrc,26,18,212024,184607,27417,104893,0
8287,/data/ggutierrez/models/8287_resized.mrc,0.45,/data/ggutierrez/dataset/gt/8287_resized_gt.mrc,26,18,212024,184607,27417,104893,0
8287,/data/ggutierrez/models/8287_resized.mrc,0.45,/data/ggutierrez/dataset/gt/8287_resized_gt.mrc,26,18,212024,184607,27417,104893,0
8287,/data/ggutierrez/models/8287_resized.mrc,0.45,/data/ggutierrez/dataset/gt/8287_resized_gt.mrc,26,18,212024,184607,27417,104893,0
8287,/data/ggutierrez/models/8287_resized.mrc,0.45,/data/ggutierrez/dataset/gt/8287_resized_gt.mrc,26,18,212024,184607,27417,104893,95
8287,/data/ggutierrez/models/8287_resized.mrc,0.45,/data/ggutierrez/dataset/gt/8287_resized_gt.mrc,26,18,212024,184607,27417,104893,126
8287,/data/ggutierrez/models/8287_resized.mrc,0.45,/data/ggutierrez/dataset/gt/8287_resized_gt.mrc,26,18,212024,184607,27417,104893,325
8287,/data/ggutierrez/models/8287_resized.mrc,0.45,/data/ggutierrez/dataset/gt/8287_resized_gt.mrc,26,18,212024,184607,27417,104893,485
8287,/data/ggutierrez/models/8287_resized.mrc,0.45,/data/ggutierrez/dataset/gt/8287_resized_gt.mrc,26,18,212024,184607,27417,104893,2093
8636,/data/ggutierrez/models/8636_resized.mrc,0.0266,/data/ggutierrez/dataset/gt/8636_resized_gt.mrc,12,12,497206,497163,43,73105,36564
8636,/data/ggutierrez/models/8636_resized.mrc,0.0266,/data/ggutierrez/dataset/gt/8636_resized_gt.mrc,12,12,497206,497163,43,73105,78254
8636,/data/ggutierrez/models/8636_resized.mrc,0.0266,/data/ggutierrez/dataset/gt/8636_resized_gt.mrc,12,12,497206,497163,43,73105,79396
8636,/data/ggutierrez/models/8636_resized.mrc,0.0266,/data/ggutierrez/dataset/gt/8636_resized_gt.mrc,12,12,497206,497163,43,73105,79863
8636,/data/ggutierrez/models/8636_resized.mrc,0.0266,/data/ggutierrez/dataset/gt/8636_resized_gt.mrc,12,12,497206,497163,43,73105,40845
8636,/data/ggutierrez/models/8636_resized.mrc,0.0266,/data/ggutierrez/dataset/gt/8636_resized_gt.mrc,12,12,497206,497163,43,73105,43264
8636,/data/ggutierrez/models/8636_resized.mrc,0.0266,/data/ggutierrez/dataset/gt/8636_resized_gt.mrc,12,12,497206,497163,43,73105,21633
8636,/data/ggutierrez/models/8636_resized.mrc,0.0266,/data/ggutierrez/dataset/gt/8636_resized_gt.mrc,12,12,497206,497163,43,73105,23453
8636,/data/ggutierrez/models/8636_resized.mrc,0.0266,/data/ggutierrez/dataset/gt/8636_resized_gt.mrc,12,12,497206,497163,43,73105,22729
8636,/data/ggutierrez/models/8636_resized.mrc,0.0266,/data/ggutierrez/dataset/gt/8636_resized_gt.mrc,12,12,497206,497163,43,73105,25141
8636,/data/ggutierrez/models/8636_resized.mrc,0.0266,/data/ggutierrez/dataset/gt/8636_resized_gt.mrc,12,12,497206,497163,43,73105,23150
8636,/data/ggutierrez/models/8636_resized.mrc,0.0266,/data/ggutierrez/dataset/gt/8636_resized_gt.mrc,12,12,497206,497163,43,73105,22871
8685,/data/ggutierrez/models/8685_resized.mrc,0.029,/data/ggutierrez/dataset/gt/8685_resized_gt.mrc,4,4,190694,189023,1671,12579,43913
8685,/data/ggutierrez/models/8685_resized.mrc,0.029,/data/ggutierrez/dataset/gt/8685_resized_gt.mrc,4,4,190694,189023,1671,12579,48482
8685,/data/ggutierrez/models/8685_resized.mrc,0.029,/data/ggutierrez/dataset/gt/8685_resized_gt.mrc,4,4,190694,189023,1671,12579,47258
8685,/data/ggutierrez/models/8685_resized.mrc,0.029,/data/ggutierrez/dataset/gt/8685_resized_gt.mrc,4,4,190694,189023,1671,12579,49370
8686,/data/ggutierrez/models/8686_resized.mrc,0.022,/data/ggutierrez/dataset/gt/8686_resized_gt.mrc,5,5,266820,264649,2171,6674,60153
8686,/data/ggutierrez/models/8686_resized.mrc,0.022,/data/ggutierrez/dataset/gt/8686_resized_gt.mrc,5,5,266820,264649,2171,6674,67156
8686,/data/ggutierrez/models/8686_resized.mrc,0.022,/data/ggutierrez/dataset/gt/8686_resized_gt.mrc,5,5,266820,264649,2171,6674,61695
8686,/data/ggutierrez/models/8686_resized.mrc,0.022,/data/ggutierrez/dataset/gt/8686_resized_gt.mrc,5,5,266820,264649,2171,6674,65059
8686,/data/ggutierrez/models/8686_resized.mrc,0.022,/data/ggutierrez/dataset/gt/8686_resized_gt.mrc,5,5,266820,264649,2171,6674,10586
8687,/data/ggutierrez/models/8687_resized.mrc,0.028,/data/ggutierrez/dataset/gt/8687_resized_gt.mrc,6,6,185545,185440,105,39482,43595
8687,/data/ggutierrez/models/8687_resized.mrc,0.028,/data/ggutierrez/dataset/gt/8687_resized_gt.mrc,6,6,185545,185440,105,39482,43002
8687,/data/ggutierrez/models/8687_resized.mrc,0.028,/data/ggutierrez/dataset/gt/8687_resized_gt.mrc,6,6,185545,185440,105,39482,43783
8687,/data/ggutierrez/models/8687_resized.mrc,0.028,/data/ggutierrez/dataset/gt/8687_resized_gt.mrc,6,6,185545,185440,105,39482,42744
8687,/data/ggutierrez/models/8687_resized.mrc,0.028,/data/ggutierrez/dataset/gt/8687_resized_gt.mrc,6,6,185545,185440,105,39482,6164
8687,/data/ggutierrez/models/8687_resized.mrc,0.028,/data/ggutierrez/dataset/gt/8687_resized_gt.mrc,6,6,185545,185440,105,39482,6152
8688,/data/ggutierrez/models/8688_resized.mrc,0.015,/data/ggutierrez/dataset/gt/8688_resized_gt.mrc,6,6,301130,296690,4440,11921,64578
8688,/data/ggutierrez/models/8688_resized.mrc,0.015,/data/ggutierrez/dataset/gt/8688_resized_gt.mrc,6,6,301130,296690,4440,11921,67760
8688,/data/ggutierrez/models/8688_resized.mrc,0.015,/data/ggutierrez/dataset/gt/8688_resized_gt.mrc,6,6,301130,296690,4440,11921,68733
8688,/data/ggutierrez/models/8688_resized.mrc,0.015,/data/ggutierrez/dataset/gt/8688_resized_gt.mrc,6,6,301130,296690,4440,11921,70075
8688,/data/ggutierrez/models/8688_resized.mrc,0.015,/data/ggutierrez/dataset/gt/8688_resized_gt.mrc,6,6,301130,296690,4440,11921,12776
8688,/data/ggutierrez/models/8688_resized.mrc,0.015,/data/ggutierrez/dataset/gt/8688_resized_gt.mrc,6,6,301130,296690,4440,11921,12768
8821,/data/ggutierrez/models/8821_resized.mrc,0.019,/data/ggutierrez/dataset/gt/8821_resized_gt.mrc,4,4,268687,260381,8306,36430,71015
8821,/data/ggutierrez/models/8821_resized.mrc,0.019,/data/ggutierrez/dataset/gt/8821_resized_gt.mrc,4,4,268687,260381,8306,36430,57934
8821,/data/ggutierrez/models/8821_resized.mrc,0.019,/data/ggutierrez/dataset/gt/8821_resized_gt.mrc,4,4,268687,260381,8306,36430,72733
8821,/data/ggutierrez/models/8821_resized.mrc,0.019,/data/ggutierrez/dataset/gt/8821_resized_gt.mrc,4,4,268687,260381,8306,36430,58699
8886,/data/ggutierrez/models/8886_resized.mrc,0.95,/data/ggutierrez/dataset/gt/8886_resized_gt.mrc,12,12,473090,440052,33038,82245,62077
8886,/data/ggutierrez/models/8886_resized.mrc,0.95,/data/ggutierrez/dataset/gt/8886_resized_gt.mrc,12,12,473090,440052,33038,82245,11201
8886,/data/ggutierrez/models/8886_resized.mrc,0.95,/data/ggutierrez/dataset/gt/8886_resized_gt.mrc,12,12,473090,440052,33038,82245,22327
8886,/data/ggutierrez/models/8886_resized.mrc,0.95,/data/ggutierrez/dataset/gt/8886_resized_gt.mrc,12,12,473090,440052,33038,82245,17376
8886,/data/ggutierrez/models/8886_resized.mrc,0.95,/data/ggutierrez/dataset/gt/8886_resized_gt.mrc,12,12,473090,440052,33038,82245,44505
8886,/data/ggutierrez/models/8886_resized.mrc,0.95,/data/ggutierrez/dataset/gt/8886_resized_gt.mrc,12,12,473090,440052,33038,82245,49015
8886,/data/ggutierrez/models/8886_resized.mrc,0.95,/data/ggutierrez/dataset/gt/8886_resized_gt.mrc,12,12,473090,440052,33038,82245,62968
8886,/data/ggutierrez/models/8886_resized.mrc,0.95,/data/ggutierrez/dataset/gt/8886_resized_gt.mrc,12,12,473090,440052,33038,82245,60825
8886,/data/ggutierrez/models/8886_resized.mrc,0.95,/data/ggutierrez/dataset/gt/8886_resized_gt.mrc,12,12,473090,440052,33038,82245,67711
8886,/data/ggutierrez/models/8886_resized.mrc,0.95,/data/ggutierrez/dataset/gt/8886_resized_gt.mrc,12,12,473090,440052,33038,82245,13806
8886,/data/ggutierrez/models/8886_resized.mrc,0.95,/data/ggutierrez/dataset/gt/8886_resized_gt.mrc,12,12,473090,440052,33038,82245,16424
8886,/data/ggutierrez/models/8886_resized.mrc,0.95,/data/ggutierrez/dataset/gt/8886_resized_gt.mrc,12,12,473090,440052,33038,82245,11817
9843,/data/ggutierrez/models/9843_resized.mrc,0.021,/data/ggutierrez/dataset/gt/9843_resized_gt.mrc,11,11,196445,196382,63,39491,45418
9843,/data/ggutierrez/models/9843_resized.mrc,0.021,/data/ggutierrez/dataset/gt/9843_resized_gt.mrc,11,11,196445,196382,63,39491,11343
9843,/data/ggutierrez/models/9843_resized.mrc,0.021,/data/ggutierrez/dataset/gt/9843_resized_gt.mrc,11,11,196445,196382,63,39491,17892
9843,/data/ggutierrez/models/9843_resized.mrc,0.021,/data/ggutierrez/dataset/gt/9843_resized_gt.mrc,11,11,196445,196382,63,39491,54504
9843,/data/ggutierrez/models/9843_resized.mrc,0.021,/data/ggutierrez/dataset/gt/9843_resized_gt.mrc,11,11,196445,196382,63,39491,8699
9843,/data/ggutierrez/models/9843_resized.mrc,0.021,/data/ggutierrez/dataset/gt/9843_resized_gt.mrc,11,11,196445,196382,63,39491,8404
9843,/data/ggutierrez/models/9843_resized.mrc,0.021,/data/ggutierrez/dataset/gt/9843_resized_gt.mrc,11,11,196445,196382,63,39491,7608
9843,/data/ggutierrez/models/9843_resized.mrc,0.021,/data/ggutierrez/dataset/gt/9843_resized_gt.mrc,11,11,196445,196382,63,39491,12885
9843,/data/ggutierrez/models/9843_resized.mrc,0.021,/data/ggutierrez/dataset/gt/9843_resized_gt.mrc,11,11,196445,196382,63,39491,8698
9843,/data/ggutierrez/models/9843_resized.mrc,0.021,/data/ggutierrez/dataset/gt/9843_resized_gt.mrc,11,11,196445,196382,63,39491,10719
9843,/data/ggutierrez/models/9843_resized.mrc,0.021,/data/ggutierrez/dataset/gt/9843_resized_gt.mrc,11,11,196445,196382,63,39491,10212